Age,Fishing Experience,Province,Fishing Role,Experience as Head of Communities,Fishing Duration,Number of Experience with Disaster,Level of Interaction with Disaster,Wn-1,Wn-10,Wn-11,Wn-12,Wn-13,Wn-14,Wn-15,Wn-16,Wn-17,Wn-2,Wn-3,Wn-4,Wn-5,Wn-6,Wn-7,Wn-8,Wn-9,Number of LIK Combination,Usage Duration,Frequency of Usage (min) (in month),Frequency of Usage (max) (in month),Average Frequency of Usage (in month),Target_Action_Level
23,3,1,1,0,1,1,2,0,0,0,0,0,0,0,0,0,0,1,0,0,0,0,0,0,2,3,3.0,4.0,3.5,1
23,3,1,1,0,1,1,2,0,0,0,0,0,0,0,0,0,0,0,1,0,0,0,0,0,2,3,3.0,4.0,3.5,1
24,2,1,1,0,1,2,5,0,0,0,0,0,0,0,0,0,0,1,0,0,0,0,0,0,3,2,16.0,20.0,18.0,1
24,2,1,1,0,1,2,5,0,0,0,0,0,0,0,0,0,0,0,0,0,0,0,1,0,3,2,16.0,20.0,18.0,1
24,2,1,1,0,1,2,5,0,0,1,0,0,0,0,0,0,0,0,0,0,0,0,0,0,3,2,16.0,20.0,18.0,0
24,2,1,1,0,1,3,0,1,0,0,0,0,0,0,0,0,0,0,0,0,0,0,0,0,1,3,3.0,4.0,3.5,1
24,5,1,1,0,1,1,5,0,0,0,0,0,0,0,0,0,0,0,0,0,0,0,1,0,3,5,5.0,7.0,6.0,1
24,5,1,1,0,1,1,5,0,0,0,1,0,0,0,0,0,0,0,0,0,0,0,0,0,3,5,5.0,7.0,6.0,1
24,5,1,1,0,1,1,5,0,0,0,0,0,0,1,0,0,0,0,0,0,0,0,0,0,3,5,5.0,7.0,6.0,0
26,3,1,1,0,1,3,0,0,0,0,0,0,0,0,0,0,0,1,0,0,0,0,0,0,3,4,3.0,3.0,3.0,0
26,3,1,1,0,1,3,0,0,0,0,0,0,0,0,0,0,0,0,0,0,0,1,0,0,3,4,3.0,3.0,3.0,0
26,3,1,1,0,1,3,0,0,0,0,0,0,0,0,0,0,0,0,0,0,0,0,1,0,3,4,3.0,3.0,3.0,1
26,7,1,1,0,1,2,3,0,0,0,0,0,1,0,0,0,0,0,0,0,0,0,0,0,1,7,16.0,20.0,18.0,0
27,4,1,1,0,1,2,1,0,0,0,0,0,0,0,0,0,0,0,0,0,0,0,1,0,2,5,2.0,2.0,2.0,1
27,4,1,1,0,1,2,1,0,1,0,0,0,0,0,0,0,0,0,0,0,0,0,0,0,2,5,2.0,2.0,2.0,0
27,4,1,1,0,1,3,6,0,0,0,0,0,0,0,0,0,1,0,0,0,0,0,0,0,3,5,16.0,20.0,18.0,1
27,4,1,1,0,1,3,6,0,0,0,0,0,0,0,0,0,0,0,0,0,0,1,0,0,3,5,16.0,20.0,18.0,1
27,4,1,1,0,1,3,6,0,0,0,0,0,1,0,0,0,0,0,0,0,0,0,0,0,3,5,16.0,20.0,18.0,0
27,5,1,1,0,1,2,2,1,0,0,0,0,0,0,0,0,0,0,0,0,0,0,0,0,3,5,16.0,20.0,18.0,1
27,5,1,1,0,1,2,2,0,0,0,0,0,0,0,0,0,0,1,0,0,0,0,0,0,3,5,16.0,20.0,18.0,1
27,5,1,1,0,1,2,2,0,0,0,0,0,0,0,0,0,0,0,0,0,0,0,1,0,3,5,16.0,20.0,18.0,0
27,5,1,1,0,1,2,4,0,0,0,0,0,0,0,0,0,0,1,0,0,0,0,0,0,3,5,16.0,20.0,18.0,1
27,5,1,1,0,1,2,4,0,0,0,0,0,0,0,0,0,0,0,1,0,0,0,0,0,3,5,16.0,20.0,18.0,1
27,5,1,1,0,1,2,4,0,0,0,0,0,0,0,0,0,0,0,0,0,0,0,0,1,3,5,16.0,20.0,18.0,0
28,4,1,1,0,1,2,4,0,0,0,0,0,0,0,0,0,1,0,0,0,0,0,0,0,3,4,16.0,20.0,18.0,1
28,4,1,1,0,1,2,4,0,0,0,0,0,0,0,0,0,0,0,0,1,0,0,0,0,3,4,16.0,20.0,18.0,1
28,4,1,1,0,1,2,4,0,1,0,0,0,0,0,0,0,0,0,0,0,0,0,0,0,3,4,16.0,20.0,18.0,0
28,5,1,1,0,1,4,4,1,0,0,0,0,0,0,0,0,0,0,0,0,0,0,0,0,3,6,16.0,20.0,18.0,1
28,5,1,1,0,1,4,4,0,0,0,0,0,0,0,0,0,0,0,1,0,0,0,0,0,3,6,16.0,20.0,18.0,1
28,5,1,1,0,1,4,4,0,0,0,0,0,0,0,0,0,0,0,0,0,0,1,0,0,3,6,16.0,20.0,18.0,0
28,6,1,1,0,1,2,5,1,0,0,0,0,0,0,0,0,0,0,0,0,0,0,0,0,2,6,16.0,24.0,20.0,1
28,6,1,1,0,1,2,5,0,0,0,0,0,0,0,0,0,0,0,1,0,0,0,0,0,2,6,16.0,24.0,20.0,1
28,7,1,1,0,1,3,8,0,0,0,1,0,0,0,0,0,0,0,0,0,0,0,0,0,3,7,24.0,28.0,26.0,1
28,7,1,1,0,1,3,8,0,0,0,0,0,0,1,0,0,0,0,0,0,0,0,0,0,3,7,24.0,28.0,26.0,1
28,7,1,1,0,1,3,8,0,0,0,0,0,0,0,1,0,0,0,0,0,0,0,0,0,3,7,24.0,28.0,26.0,0
28,8,1,1,0,1,2,2,0,0,0,0,0,0,0,0,0,0,0,0,0,0,0,1,0,2,8,2.0,5.0,3.5,1
28,8,1,1,0,1,2,2,0,0,0,0,0,0,0,0,0,0,0,0,0,0,0,0,1,2,8,2.0,5.0,3.5,1
29,5,1,1,0,1,3,1,0,0,0,0,0,0,0,0,0,1,0,0,0,0,0,0,0,2,6,1.0,2.0,1.5,0
29,5,1,1,0,1,3,1,0,0,0,0,0,0,0,0,0,0,1,0,0,0,0,0,0,2,6,1.0,2.0,1.5,0
29,6,1,1,0,1,2,0,1,0,0,0,0,0,0,0,0,0,0,0,0,0,0,0,0,3,7,5.0,5.0,5.0,1
29,6,1,1,0,1,2,0,0,0,0,0,0,0,0,0,0,1,0,0,0,0,0,0,0,3,7,5.0,5.0,5.0,0
29,6,1,1,0,1,2,0,0,0,0,0,0,0,0,0,0,0,1,0,0,0,0,0,0,3,7,5.0,5.0,5.0,1
29,7,1,1,0,1,2,5,0,0,0,0,0,0,0,0,0,1,0,0,0,0,0,0,0,3,7,20.0,28.0,24.0,1
29,7,1,1,0,1,2,5,0,0,0,0,0,0,0,0,0,0,0,0,0,0,1,0,0,3,7,20.0,28.0,24.0,1
29,7,1,1,0,1,2,5,0,0,0,0,0,1,0,0,0,0,0,0,0,0,0,0,0,3,7,20.0,28.0,24.0,0
29,8,1,1,0,1,3,0,0,0,0,0,0,0,0,0,0,0,0,0,0,0,1,0,0,2,8,3.0,4.0,3.5,0
29,8,1,1,0,1,3,0,0,0,0,0,0,0,0,0,0,0,0,0,0,0,0,1,0,2,8,3.0,4.0,3.5,1
29,8,1,1,0,1,2,5,0,0,0,0,0,0,0,0,0,0,0,0,0,0,0,1,0,3,8,5.0,7.0,6.0,1
29,8,1,1,0,1,2,5,0,0,0,0,0,0,0,0,0,0,0,0,0,0,0,0,1,3,8,5.0,7.0,6.0,1
29,8,1,1,0,1,2,5,0,1,0,0,0,0,0,0,0,0,0,0,0,0,0,0,0,3,8,5.0,7.0,6.0,0
29,9,1,1,0,1,2,4,0,0,0,0,0,0,0,0,0,1,0,0,0,0,0,0,0,3,9,16.0,20.0,18.0,1
29,9,1,1,0,1,2,4,0,0,0,0,0,0,0,0,0,0,0,0,1,0,0,0,0,3,9,16.0,20.0,18.0,1
29,9,1,1,0,1,2,4,0,0,0,0,0,0,0,0,0,0,0,0,0,0,0,1,0,3,9,16.0,20.0,18.0,0
29,10,1,1,0,1,3,0,0,0,0,0,0,0,0,0,0,0,1,0,0,0,0,0,0,2,10,1.0,2.0,1.5,0
29,10,1,1,0,1,3,0,0,0,0,0,0,0,0,0,0,0,0,0,0,0,0,1,0,2,10,1.0,2.0,1.5,1
29,10,1,1,0,1,3,2,0,0,0,0,1,0,0,0,0,0,0,0,0,0,0,0,0,1,10,16.0,20.0,18.0,0
29,13,1,1,0,1,2,5,0,0,0,0,0,0,0,0,0,0,0,0,0,0,0,0,1,2,13,8.0,12.0,10.0,1
29,13,1,1,0,1,2,5,0,1,0,0,0,0,0,0,0,0,0,0,0,0,0,0,0,2,13,8.0,12.0,10.0,0
30,7,1,1,0,1,4,2,0,0,0,0,0,0,0,0,0,0,1,0,0,0,0,0,0,3,8,20.0,32.0,26.0,1
30,7,1,1,0,1,4,2,0,0,0,0,0,0,0,0,0,0,0,0,0,0,0,1,0,3,8,20.0,32.0,26.0,0
30,7,1,1,0,1,4,2,0,0,1,0,0,0,0,0,0,0,0,0,0,0,0,0,0,3,8,20.0,32.0,26.0,0
30,12,1,1,0,1,2,8,0,0,0,0,0,0,0,0,0,0,1,0,0,0,0,0,0,3,12,16.0,20.0,18.0,1
30,12,1,1,0,1,2,8,0,0,0,0,0,0,0,0,0,0,0,0,0,0,0,1,0,3,12,16.0,20.0,18.0,1
30,12,1,1,0,1,2,8,0,0,0,0,0,0,0,0,0,0,0,0,0,0,0,0,1,3,12,16.0,20.0,18.0,0
31,7,1,1,0,1,2,0,0,0,0,0,0,0,0,0,0,1,0,0,0,0,0,0,0,3,8,4.0,5.0,4.5,0
31,7,1,1,0,1,2,0,0,0,0,0,0,0,0,0,0,0,1,0,0,0,0,0,0,3,8,4.0,5.0,4.5,1
31,7,1,1,0,1,2,0,0,0,0,0,0,0,0,0,0,0,0,1,0,0,0,0,0,3,8,4.0,5.0,4.5,0
31,10,1,1,0,1,2,0,0,0,0,0,0,0,0,0,0,1,0,0,0,0,0,0,0,2,10,3.0,3.0,3.0,0
31,10,1,1,0,1,2,0,0,0,0,0,0,0,0,0,0,0,0,0,0,0,0,1,0,2,10,3.0,3.0,3.0,1
31,10,1,1,0,1,3,1,0,0,0,0,0,0,0,0,0,1,0,0,0,0,0,0,0,3,10,1.0,2.0,1.5,0
31,10,1,1,0,1,3,1,0,0,0,0,0,0,0,0,0,0,1,0,0,0,0,0,0,3,10,1.0,2.0,1.5,0
31,10,1,1,0,1,3,1,0,0,0,0,0,0,0,0,0,0,0,1,0,0,0,0,0,3,10,1.0,2.0,1.5,1
33,6,1,1,0,1,2,0,1,0,0,0,0,0,0,0,0,0,0,0,0,0,0,0,0,2,6,3.0,3.0,3.0,1
33,6,1,1,0,1,2,0,0,0,0,0,0,0,0,0,0,0,0,0,0,0,0,1,0,2,6,3.0,3.0,3.0,1
33,9,1,1,0,1,3,0,0,0,0,0,0,0,0,0,0,0,0,0,0,0,1,0,0,2,10,2.0,3.0,2.5,0
33,9,1,1,0,1,3,0,0,0,0,0,0,0,0,0,0,0,0,0,0,0,0,1,0,2,10,2.0,3.0,2.5,1
33,9,1,1,0,1,2,8,0,0,0,0,0,0,0,0,0,0,1,0,0,0,0,0,0,3,10,16.0,20.0,18.0,1
33,9,1,1,0,1,2,8,0,0,0,0,0,0,0,0,0,0,0,0,0,0,0,1,0,3,10,16.0,20.0,18.0,1
33,9,1,1,0,1,2,8,0,0,0,0,0,0,0,0,0,0,0,0,0,0,0,0,1,3,10,16.0,20.0,18.0,0
33,10,1,3,0,1,3,0,1,0,0,0,0,0,0,0,0,0,0,0,0,0,0,0,0,3,10,2.0,3.0,2.5,1
33,10,1,3,0,1,3,0,0,0,0,0,0,0,0,0,0,1,0,0,0,0,0,0,0,3,10,2.0,3.0,2.5,0
33,10,1,3,0,1,3,0,0,0,0,0,0,0,0,0,0,0,0,0,0,0,0,1,0,3,10,2.0,3.0,2.5,1
34,7,1,3,0,1,3,0,1,0,0,0,0,0,0,0,0,0,0,0,0,0,0,0,0,3,7,2.0,2.0,2.0,1
34,7,1,3,0,1,3,0,0,0,0,0,0,0,0,0,0,1,0,0,0,0,0,0,0,3,7,2.0,2.0,2.0,0
34,7,1,3,0,1,3,0,0,0,0,0,0,0,0,0,0,0,1,0,0,0,0,0,0,3,7,2.0,2.0,2.0,0
34,8,1,1,0,1,2,0,1,0,0,0,0,0,0,0,0,0,0,0,0,0,0,0,0,2,8,2.0,3.0,2.5,1
34,8,1,1,0,1,2,0,0,0,0,0,0,0,0,0,0,1,0,0,0,0,0,0,0,2,8,2.0,3.0,2.5,0
34,8,1,1,0,1,2,5,1,0,0,0,0,0,0,0,0,0,0,0,0,0,0,0,0,3,8,16.0,20.0,18.0,1
34,8,1,1,0,1,2,5,0,0,0,0,0,0,0,0,0,0,0,1,0,0,0,0,0,3,8,16.0,20.0,18.0,1
34,8,1,1,0,1,2,5,0,0,0,0,0,0,0,0,0,0,0,0,0,0,1,0,0,3,8,16.0,20.0,18.0,0
34,10,1,2,0,1,2,0,1,0,0,0,0,0,0,0,0,0,0,0,0,0,0,0,0,2,10,1.0,1.0,1.0,0
34,10,1,2,0,1,2,0,0,0,0,0,0,0,0,0,0,0,1,0,0,0,0,0,0,2,10,1.0,1.0,1.0,1
34,14,1,2,0,1,2,8,1,0,0,0,0,0,0,0,0,0,0,0,0,0,0,0,0,3,14,16.0,20.0,18.0,0
34,14,1,2,0,1,2,8,0,0,0,0,0,0,0,0,0,0,0,1,0,0,0,0,0,3,14,16.0,20.0,18.0,1
34,14,1,2,0,1,2,8,0,0,0,0,0,0,0,0,0,0,0,0,0,0,0,0,1,3,14,16.0,20.0,18.0,1
35,8,1,1,0,1,3,8,0,0,0,0,0,0,0,0,0,0,0,0,0,0,1,0,0,3,14,16.0,20.0,18.0,1
35,8,1,1,0,1,3,8,0,0,0,0,0,0,0,0,0,0,0,0,0,0,0,0,1,3,14,16.0,20.0,18.0,1
35,8,1,1,0,1,3,8,0,0,1,0,0,0,0,0,0,0,0,0,0,0,0,0,0,3,14,16.0,20.0,18.0,0
35,10,1,1,0,1,2,1,1,0,0,0,0,0,0,0,0,0,0,0,0,0,0,0,0,3,10,2.0,3.0,2.5,1
35,10,1,1,0,1,2,1,0,0,0,0,0,0,0,0,0,1,0,0,0,0,0,0,0,3,10,2.0,3.0,2.5,0
35,10,1,1,0,1,2,1,0,0,0,0,0,0,0,0,0,0,0,0,0,0,1,0,0,3,10,2.0,3.0,2.5,0
35,10,1,2,0,1,2,1,1,0,0,0,0,0,0,0,0,0,0,0,0,0,0,0,0,2,10,1.0,2.0,1.5,1
35,10,1,2,0,1,2,1,0,0,0,0,0,0,0,0,0,1,0,0,0,0,0,0,0,2,10,1.0,2.0,1.5,0
35,10,1,2,0,1,2,0,1,0,0,0,0,0,0,0,0,0,0,0,0,0,0,0,0,2,11,4.0,5.0,4.5,0
35,10,1,2,0,1,2,0,0,0,0,0,0,0,0,0,0,0,0,0,0,0,0,1,0,2,11,4.0,5.0,4.5,1
35,10,1,2,0,1,2,5,0,0,0,0,0,0,0,0,0,0,1,0,0,0,0,0,0,3,11,16.0,20.0,18.0,1
35,10,1,2,0,1,2,5,0,0,0,0,0,0,0,0,0,0,0,0,0,0,0,1,0,3,11,16.0,20.0,18.0,1
35,10,1,2,0,1,2,5,0,0,1,0,0,0,0,0,0,0,0,0,0,0,0,0,0,3,11,16.0,20.0,18.0,0
35,13,1,1,0,1,3,0,0,0,0,0,0,0,0,0,0,0,0,0,0,0,1,0,0,2,13,3.0,4.0,3.5,0
35,13,1,1,0,1,3,0,0,0,0,0,0,0,0,0,0,0,0,0,0,0,0,1,0,2,13,3.0,4.0,3.5,1
35,15,1,1,0,2,2,0,1,0,0,0,0,0,0,0,0,0,0,0,0,0,0,0,0,3,15,3.0,3.0,3.0,1
35,15,1,1,0,2,2,0,0,0,0,0,0,0,0,0,0,1,0,0,0,0,0,0,0,3,15,3.0,3.0,3.0,0
35,15,1,1,0,2,2,0,0,0,0,0,0,0,0,0,0,0,0,1,0,0,0,0,0,3,15,3.0,3.0,3.0,0
35,15,1,2,0,1,2,1,0,0,0,0,0,0,0,0,0,0,1,0,0,0,0,0,0,3,15,3.0,3.0,3.0,0
35,15,1,2,0,1,2,1,0,0,0,0,0,0,0,0,0,0,0,0,0,0,1,0,0,3,15,3.0,3.0,3.0,0
35,15,1,2,0,1,2,1,0,0,0,0,0,0,0,0,0,0,0,0,0,0,0,1,0,3,15,3.0,3.0,3.0,1
36,7,1,1,0,1,4,2,0,0,0,0,0,0,0,0,0,1,0,0,0,0,0,0,0,3,7,4.0,5.0,4.5,0
36,7,1,1,0,1,4,2,0,0,0,0,0,0,0,0,0,0,0,0,0,0,1,0,0,3,7,4.0,5.0,4.5,0
36,7,1,1,0,1,4,2,0,0,0,0,0,0,0,0,0,0,0,0,0,0,0,1,0,3,7,4.0,5.0,4.5,1
36,9,1,1,0,1,2,0,0,0,0,0,0,0,0,0,0,0,1,0,0,0,0,0,0,2,10,2.0,2.0,2.0,0
36,9,1,1,0,1,2,0,0,0,0,0,0,0,0,0,0,0,0,0,0,0,0,1,0,2,10,2.0,2.0,2.0,1
36,10,1,1,0,1,1,7,0,0,0,0,0,0,0,0,0,0,0,0,1,0,0,0,0,3,10,20.0,24.0,22.0,1
36,10,1,1,0,1,1,7,0,0,0,0,0,1,0,0,0,0,0,0,0,0,0,0,0,3,10,20.0,24.0,22.0,1
36,10,1,1,0,1,1,7,0,0,0,0,0,0,0,0,1,0,0,0,0,0,0,0,0,3,10,20.0,24.0,22.0,0
36,13,1,1,0,1,2,6,0,0,0,0,1,0,0,0,0,0,0,0,0,0,0,0,0,3,13,16.0,20.0,18.0,1
36,13,1,1,0,1,2,6,0,0,0,0,0,1,0,0,0,0,0,0,0,0,0,0,0,3,13,16.0,20.0,18.0,1
36,13,1,1,0,1,2,6,0,0,0,0,0,0,0,1,0,0,0,0,0,0,0,0,0,3,13,16.0,20.0,18.0,0
36,14,1,2,0,1,2,0,1,0,0,0,0,0,0,0,0,0,0,0,0,0,0,0,0,2,14,2.0,2.0,2.0,1
36,14,1,2,0,1,2,0,0,0,0,0,0,0,0,0,0,1,0,0,0,0,0,0,0,2,14,2.0,2.0,2.0,0
36,14,1,1,0,1,3,0,1,0,0,0,0,0,0,0,0,0,0,0,0,0,0,0,0,2,14,3.0,4.0,3.5,1
36,14,1,1,0,1,3,0,0,0,0,0,0,0,0,0,0,1,0,0,0,0,0,0,0,2,14,3.0,4.0,3.5,0
36,18,1,1,0,1,2,2,1,0,0,0,0,0,0,0,0,0,0,0,0,0,0,0,0,3,18,16.0,20.0,18.0,1
36,18,1,1,0,1,2,2,0,0,0,0,0,0,0,0,0,0,0,0,1,0,0,0,0,3,18,16.0,20.0,18.0,1
36,18,1,1,0,1,2,2,0,0,1,0,0,0,0,0,0,0,0,0,0,0,0,0,0,3,18,16.0,20.0,18.0,0
37,7,1,1,0,1,2,0,0,0,0,0,0,0,0,0,0,0,0,0,0,0,1,0,0,2,7,3.0,4.0,3.5,0
37,7,1,1,0,1,2,0,0,0,0,0,0,0,0,0,0,0,0,0,0,0,0,1,0,2,7,3.0,4.0,3.5,1
37,10,1,1,0,1,3,0,1,0,0,0,0,0,0,0,0,0,0,0,0,0,0,0,0,2,10,2.0,3.0,2.5,1
37,10,1,1,0,1,3,0,0,0,0,0,0,0,0,0,0,1,0,0,0,0,0,0,0,2,10,2.0,3.0,2.5,0
37,12,1,1,0,1,2,4,0,0,0,0,0,0,0,0,0,1,0,0,0,0,0,0,0,3,12,16.0,20.0,18.0,1
37,12,1,1,0,1,2,4,0,0,0,0,0,0,0,0,0,0,0,0,1,0,0,0,0,3,12,16.0,20.0,18.0,1
37,12,1,1,0,1,2,4,0,0,0,0,0,0,0,0,0,0,0,0,0,0,0,1,0,3,12,16.0,20.0,18.0,0
37,12,1,1,0,1,5,3,0,0,1,0,0,0,0,0,0,0,0,0,0,0,0,0,0,1,13,16.0,20.0,18.0,0
37,13,1,1,0,1,2,8,0,0,0,1,0,0,0,0,0,0,0,0,0,0,0,0,0,3,14,16.0,20.0,18.0,1
37,13,1,1,0,1,2,8,0,0,0,0,1,0,0,0,0,0,0,0,0,0,0,0,0,3,14,16.0,20.0,18.0,1
37,13,1,1,0,1,2,8,0,0,0,0,0,0,0,1,0,0,0,0,0,0,0,0,0,3,14,16.0,20.0,18.0,0
37,16,1,2,0,1,3,0,0,0,0,0,0,0,0,0,0,1,0,0,0,0,0,0,0,2,16,2.0,3.0,2.5,0
37,16,1,2,0,1,3,0,0,0,0,0,0,0,0,0,0,0,0,1,0,0,0,0,0,2,16,2.0,3.0,2.5,1
38,8,1,1,0,1,2,8,0,0,0,0,0,0,0,0,0,0,0,0,0,0,0,1,0,3,8,5.0,6.0,5.5,1
38,8,1,1,0,1,2,8,0,0,1,0,0,0,0,0,0,0,0,0,0,0,0,0,0,3,8,5.0,6.0,5.5,1
38,8,1,1,0,1,2,8,0,0,0,0,0,1,0,0,0,0,0,0,0,0,0,0,0,3,8,5.0,6.0,5.5,0
38,14,1,1,0,1,3,0,1,0,0,0,0,0,0,0,0,0,0,0,0,0,0,0,0,3,15,6.0,6.0,6.0,1
38,14,1,1,0,1,3,0,0,0,0,0,0,0,0,0,0,1,0,0,0,0,0,0,0,3,15,6.0,6.0,6.0,0
38,14,1,1,0,1,3,0,0,0,0,0,0,0,0,0,0,0,1,0,0,0,0,0,0,3,15,6.0,6.0,6.0,1
38,16,1,2,0,1,3,1,0,0,0,0,0,0,0,0,0,0,0,0,0,0,0,0,1,2,16,2.0,3.0,2.5,1
38,16,1,2,0,1,3,1,0,0,0,0,1,0,0,0,0,0,0,0,0,0,0,0,0,2,16,2.0,3.0,2.5,0
39,7,1,1,0,1,2,5,1,0,0,0,0,0,0,0,0,0,0,0,0,0,0,0,0,3,7,16.0,20.0,18.0,1
39,7,1,1,0,1,2,5,0,0,0,0,0,0,0,0,0,0,0,0,0,1,0,0,0,3,7,16.0,20.0,18.0,1
39,7,1,1,0,1,2,5,0,1,0,0,0,0,0,0,0,0,0,0,0,0,0,0,0,3,7,16.0,20.0,18.0,0
39,10,1,1,0,1,3,0,1,0,0,0,0,0,0,0,0,0,0,0,0,0,0,0,0,3,10,1.0,1.0,1.0,1
39,10,1,1,0,1,3,0,0,0,0,0,0,0,0,0,0,1,0,0,0,0,0,0,0,3,10,1.0,1.0,1.0,0
39,10,1,1,0,1,3,0,0,0,0,0,0,0,0,0,0,0,0,0,0,0,0,1,0,3,10,1.0,1.0,1.0,1
39,15,1,1,0,1,2,8,0,0,0,0,0,0,0,0,0,0,0,1,0,0,0,0,0,3,16,2.0,4.0,3.0,1
39,15,1,1,0,1,2,8,0,0,0,0,0,0,0,0,0,0,0,0,0,0,1,0,0,3,16,2.0,4.0,3.0,1
39,15,1,1,0,1,2,8,0,0,0,0,0,0,0,0,0,0,0,0,0,0,0,1,0,3,16,2.0,4.0,3.0,0
39,16,1,1,0,1,3,3,1,0,0,0,0,0,0,0,0,0,0,0,0,0,0,0,0,2,16,3.0,4.0,3.5,1
39,16,1,1,0,1,3,3,0,0,0,0,0,0,0,0,0,0,0,0,0,0,1,0,0,2,16,3.0,4.0,3.5,0
39,16,1,1,0,1,3,0,0,0,0,0,0,0,0,0,0,1,0,0,0,0,0,0,0,2,16,3.0,4.0,3.5,0
39,16,1,1,0,1,3,0,0,0,0,0,0,0,0,0,0,0,0,0,0,0,1,0,0,2,16,3.0,4.0,3.5,0
39,18,1,1,0,2,2,0,0,0,0,0,0,0,0,0,0,0,1,0,0,0,0,0,0,2,18,3.0,4.0,3.5,0
39,18,1,1,0,2,2,0,0,0,0,0,0,0,0,0,0,0,0,0,0,0,1,0,0,2,18,3.0,4.0,3.5,0
39,19,1,1,0,1,2,2,1,0,0,0,0,0,0,0,0,0,0,0,0,0,0,0,0,3,19,16.0,20.0,18.0,1
39,19,1,1,0,1,2,2,0,0,0,0,0,0,0,0,0,0,0,0,0,1,0,0,0,3,19,16.0,20.0,18.0,1
39,19,1,1,0,1,2,2,0,1,0,0,0,0,0,0,0,0,0,0,0,0,0,0,0,3,19,16.0,20.0,18.0,0
40,10,1,2,0,1,1,0,1,0,0,0,0,0,0,0,0,0,0,0,0,0,0,0,0,3,10,3.0,3.0,3.0,1
40,10,1,2,0,1,1,0,0,0,0,0,0,0,0,0,0,1,0,0,0,0,0,0,0,3,10,3.0,3.0,3.0,0
40,10,1,2,0,1,1,0,0,0,0,0,0,0,0,0,0,0,0,1,0,0,0,0,0,3,10,3.0,3.0,3.0,0
40,10,1,1,0,1,1,2,1,0,0,0,0,0,0,0,0,0,0,0,0,0,0,0,0,3,10,16.0,20.0,18.0,0
40,10,1,1,0,1,1,2,0,0,0,0,0,0,0,0,0,0,0,1,0,0,0,0,0,3,10,16.0,20.0,18.0,1
40,10,1,1,0,1,1,2,0,0,0,0,0,0,0,0,0,0,0,0,0,0,0,0,1,3,10,16.0,20.0,18.0,1
40,11,1,1,0,1,2,8,0,0,0,0,0,0,0,0,0,0,0,1,0,0,0,0,0,3,11,5.0,6.0,5.5,1
40,11,1,1,0,1,2,8,0,0,0,0,0,0,0,0,0,0,0,0,0,0,1,0,0,3,11,5.0,6.0,5.5,1
40,11,1,1,0,1,2,8,0,0,0,0,0,0,0,0,0,0,0,0,0,0,0,1,0,3,11,5.0,6.0,5.5,0
40,15,1,2,0,1,2,7,1,0,0,0,0,0,0,0,0,0,0,0,0,0,0,0,0,4,15,16.0,24.0,20.0,0
40,15,1,2,0,1,2,7,0,0,0,0,0,0,0,0,0,0,0,1,0,0,0,0,0,4,15,16.0,24.0,20.0,1
40,15,1,2,0,1,2,7,0,0,0,0,0,0,0,0,0,0,0,0,0,0,1,0,0,4,15,16.0,24.0,20.0,0
40,15,1,2,0,1,2,7,0,1,0,0,0,0,0,0,0,0,0,0,0,0,0,0,0,4,15,16.0,24.0,20.0,0
40,15,1,2,1,3,3,3,1,0,0,0,0,0,0,0,0,0,0,0,0,0,0,0,0,1,15,2.0,2.0,2.0,0
40,15,1,2,1,3,3,4,0,0,0,0,0,0,0,0,0,1,0,0,0,0,0,0,0,1,14,3.0,3.0,3.0,1
40,15,1,1,0,3,2,3,1,0,0,0,0,0,0,0,0,0,0,0,0,0,0,0,0,2,15,3.0,3.0,3.0,1
40,15,1,1,0,3,2,3,0,0,0,1,0,0,0,0,0,0,0,0,0,0,0,0,0,2,15,3.0,3.0,3.0,0
40,15,1,1,0,3,2,4,1,0,0,0,0,0,0,0,0,0,0,0,0,0,0,0,0,2,15,3.0,3.0,3.0,1
40,15,1,1,0,3,2,4,0,0,0,0,0,0,0,0,0,0,0,1,0,0,0,0,0,2,15,3.0,3.0,3.0,1
40,16,1,1,0,1,2,0,1,0,0,0,0,0,0,0,0,0,0,0,0,0,0,0,0,2,16,4.0,5.0,4.5,0
40,16,1,1,0,1,2,0,0,0,0,0,0,0,0,0,0,0,1,0,0,0,0,0,0,2,16,4.0,5.0,4.5,1
40,16,1,1,0,1,3,2,1,0,0,0,0,0,0,0,0,0,0,0,0,0,0,0,0,2,16,4.0,5.0,4.5,1
40,16,1,1,0,1,3,2,0,0,0,0,0,0,0,0,0,1,0,0,0,0,0,0,0,2,16,4.0,5.0,4.5,0
40,17,1,1,0,1,3,0,0,0,0,0,0,0,0,0,0,0,1,0,0,0,0,0,0,3,17,3.0,3.0,3.0,0
40,17,1,1,0,1,3,0,0,0,0,0,0,0,0,0,0,0,0,0,0,0,1,0,0,3,17,3.0,3.0,3.0,0
40,17,1,1,0,1,3,0,0,0,0,0,0,0,0,0,0,0,0,0,0,0,0,1,0,3,17,3.0,3.0,3.0,1
40,20,1,1,1,1,2,0,1,0,0,0,0,0,0,0,0,0,0,0,0,0,0,0,0,4,20,3.0,3.0,3.0,1
40,20,1,1,1,1,2,0,0,0,0,0,0,0,0,0,0,1,0,0,0,0,0,0,0,4,20,3.0,3.0,3.0,0
40,20,1,1,1,1,2,0,0,0,0,0,0,0,0,0,0,0,0,1,0,0,0,0,0,4,20,3.0,3.0,3.0,0
40,20,1,1,1,1,2,0,0,0,0,0,0,0,0,0,0,0,0,0,0,0,1,0,0,4,20,3.0,3.0,3.0,1
40,22,1,1,0,2,2,0,0,0,0,0,0,0,0,0,0,0,1,0,0,0,0,0,0,2,22,2.0,2.0,2.0,0
40,22,1,1,0,2,2,0,0,0,0,0,0,0,0,0,0,0,0,0,0,0,0,1,0,2,22,2.0,2.0,2.0,1
40,25,1,2,0,1,3,3,0,0,1,0,0,0,0,0,0,0,0,0,0,0,0,0,0,1,25,8.0,20.0,14.0,0
40,25,1,2,0,1,2,3,1,0,0,0,0,0,0,0,0,0,0,0,0,0,0,0,0,3,25,16.0,20.0,18.0,1
40,25,1,2,0,1,2,3,0,0,0,0,0,0,0,0,0,0,0,0,0,0,0,1,0,3,25,16.0,20.0,18.0,1
40,25,1,2,0,1,2,3,0,0,1,0,0,0,0,0,0,0,0,0,0,0,0,0,0,3,25,16.0,20.0,18.0,0
41,13,1,1,0,1,2,0,1,0,0,0,0,0,0,0,0,0,0,0,0,0,0,0,0,2,13,4.0,5.0,4.5,0
41,13,1,1,0,1,2,0,0,0,0,0,0,0,0,0,0,0,0,0,0,0,0,1,0,2,13,4.0,5.0,4.5,1
41,14,1,1,0,1,2,4,0,0,0,0,0,0,0,0,0,0,0,0,1,0,0,0,0,3,14,16.0,20.0,18.0,1
41,14,1,1,0,1,2,4,0,0,0,0,0,0,0,0,0,0,0,0,0,0,1,0,0,3,14,16.0,20.0,18.0,1
41,14,1,1,0,1,2,4,0,0,0,0,1,0,0,0,0,0,0,0,0,0,0,0,0,3,14,16.0,20.0,18.0,0
41,15,1,1,0,1,3,0,1,0,0,0,0,0,0,0,0,0,0,0,0,0,0,0,0,3,15,6.0,6.0,6.0,1
41,15,1,1,0,1,3,0,0,0,0,0,0,0,0,0,0,1,0,0,0,0,0,0,0,3,15,6.0,6.0,6.0,0
41,15,1,1,0,1,3,0,0,0,0,0,0,0,0,0,0,0,1,0,0,0,0,0,0,3,15,6.0,6.0,6.0,1
41,16,1,1,0,2,5,1,1,0,0,0,0,0,0,0,0,0,0,0,0,0,0,0,0,2,16,2.0,2.0,2.0,1
41,16,1,1,0,2,5,1,0,0,0,0,0,0,0,0,0,1,0,0,0,0,0,0,0,2,16,2.0,2.0,2.0,0
41,16,1,1,0,3,3,3,1,0,0,0,0,0,0,0,0,0,0,0,0,0,0,0,0,1,15,2.0,2.0,2.0,1
41,16,1,1,0,3,3,3,0,0,0,1,0,0,0,0,0,0,0,0,0,0,0,0,0,1,16,3.0,3.0,3.0,0
41,16,1,1,0,3,2,2,0,0,0,0,0,0,0,0,0,0,1,0,0,0,0,0,0,1,15,2.0,2.0,2.0,0
41,16,1,1,0,3,2,3,1,0,0,0,0,0,0,0,0,0,0,0,0,0,0,0,0,1,16,2.0,2.0,2.0,1
41,16,1,1,0,3,2,4,1,0,0,0,0,0,0,0,0,0,0,0,0,0,0,0,0,2,16,3.0,3.0,3.0,1
41,16,1,1,0,3,2,4,0,0,0,0,0,0,0,0,0,0,1,0,0,0,0,0,0,2,16,3.0,3.0,3.0,0
41,16,1,2,0,3,2,3,0,0,0,0,0,0,0,0,0,1,0,0,0,0,0,0,0,2,16,3.0,3.0,3.0,1
41,16,1,2,0,3,2,3,0,0,0,0,0,0,0,0,0,0,1,0,0,0,0,0,0,2,16,3.0,3.0,3.0,1
41,16,1,1,0,1,2,0,0,0,0,0,0,0,0,0,0,0,0,0,0,0,1,0,0,2,17,3.0,4.0,3.5,0
41,16,1,1,0,1,2,0,0,0,0,0,0,0,0,0,0,0,0,0,0,0,0,1,0,2,17,3.0,4.0,3.5,1
41,17,1,2,0,1,2,5,1,0,0,0,0,0,0,0,0,0,0,0,0,0,0,0,0,3,18,16.0,20.0,18.0,1
41,17,1,2,0,1,2,5,0,0,0,0,0,0,0,0,0,0,0,0,0,1,0,0,0,3,18,16.0,20.0,18.0,1
41,17,1,2,0,1,2,5,0,1,0,0,0,0,0,0,0,0,0,0,0,0,0,0,0,3,18,16.0,20.0,18.0,0
41,18,1,1,0,1,2,0,0,0,0,0,0,0,0,0,0,1,0,0,0,0,0,0,0,2,18,6.0,7.0,6.5,0
41,18,1,1,0,1,2,0,0,0,0,0,0,0,0,0,0,0,0,1,0,0,0,0,0,2,18,6.0,7.0,6.5,1
41,18,1,1,0,1,2,0,0,0,0,0,0,0,0,0,0,0,0,0,0,0,1,0,0,2,19,3.0,4.0,3.5,0
41,18,1,1,0,1,2,0,0,0,0,0,0,0,0,0,0,0,0,0,0,0,0,1,0,2,19,3.0,4.0,3.5,1
41,20,1,1,1,1,2,0,1,0,0,0,0,0,0,0,0,0,0,0,0,0,0,0,0,3,20,3.0,3.0,3.0,1
41,20,1,1,1,1,2,0,0,0,0,0,0,0,0,0,0,0,0,0,0,0,1,0,0,3,20,3.0,3.0,3.0,0
41,20,1,1,1,1,2,0,0,0,0,0,0,0,0,0,0,0,0,0,0,0,0,1,0,3,20,3.0,3.0,3.0,1
41,21,1,1,0,1,2,1,0,0,0,0,0,0,0,0,0,1,0,0,0,0,0,0,0,2,21,6.0,7.0,6.5,0
41,21,1,1,0,1,2,1,0,0,0,0,0,0,0,0,0,0,0,0,0,0,1,0,0,2,21,6.0,7.0,6.5,1
41,21,1,1,0,1,2,0,0,0,0,0,0,0,0,0,0,1,0,0,0,0,0,0,0,2,21,3.0,4.0,3.5,0
41,21,1,1,0,1,2,0,0,0,0,0,0,0,0,0,0,0,0,0,0,0,1,0,0,2,21,3.0,4.0,3.5,1
41,22,1,1,0,2,4,1,0,0,0,0,0,0,0,0,0,1,0,0,0,0,0,0,0,2,22,2.0,3.0,2.5,0
41,22,1,1,0,2,4,1,0,0,0,0,0,0,0,0,0,0,0,1,0,0,0,0,0,2,22,2.0,3.0,2.5,1
42,17,1,2,1,3,3,3,0,0,0,0,0,0,0,0,0,0,1,0,0,0,0,0,0,1,15,2.0,2.0,2.0,1
42,17,1,2,1,3,3,4,0,0,0,0,0,0,0,0,0,0,0,0,0,0,0,1,0,1,17,4.0,4.0,4.0,0
42,17,1,1,0,3,2,3,1,0,0,0,0,0,0,0,0,0,0,0,0,0,0,0,0,2,17,3.0,3.0,3.0,1
42,17,1,1,0,3,2,3,0,0,0,0,0,0,0,0,0,0,1,0,0,0,0,0,0,2,17,3.0,3.0,3.0,0
42,17,1,1,1,3,2,5,1,0,0,0,0,0,0,0,0,0,0,0,0,0,0,0,0,2,17,2.0,2.0,2.0,1
42,17,1,1,1,3,2,5,0,0,0,0,0,0,0,0,0,1,0,0,0,0,0,0,0,2,17,2.0,2.0,2.0,1
42,17,1,1,0,3,2,3,1,0,0,0,0,0,0,0,0,0,0,0,0,0,0,0,0,2,17,3.0,3.0,3.0,0
42,17,1,1,0,3,2,3,0,0,0,0,0,0,0,0,0,0,1,0,0,0,0,0,0,2,17,3.0,3.0,3.0,1
42,17,1,1,0,1,4,0,0,0,0,0,0,0,0,0,0,0,1,0,0,0,0,0,0,3,18,3.0,3.0,3.0,0
42,17,1,1,0,1,4,0,0,0,0,0,0,0,0,0,0,0,0,0,0,0,1,0,0,3,18,3.0,3.0,3.0,0
42,17,1,1,0,1,4,0,0,0,0,0,0,0,0,0,0,0,0,0,0,0,0,1,0,3,18,3.0,3.0,3.0,1
42,18,1,1,0,3,2,4,0,0,0,0,0,0,0,0,0,1,0,0,0,0,0,0,0,1,18,4.0,4.0,4.0,0
42,18,1,1,0,3,2,3,0,0,0,0,0,0,0,1,0,0,0,0,0,0,0,0,0,1,10,1.0,1.0,1.0,1
42,19,1,1,0,1,3,0,0,0,0,0,0,0,0,0,0,0,0,0,0,0,1,0,0,2,19,1.0,2.0,1.5,0
42,19,1,1,0,1,3,0,0,0,0,0,0,0,0,0,0,0,0,0,0,0,0,1,0,2,19,1.0,2.0,1.5,1
42,21,1,1,0,1,3,4,0,0,0,0,0,0,0,0,0,1,0,0,0,0,0,0,0,3,21,16.0,20.0,18.0,0
42,21,1,1,0,1,3,4,0,0,0,0,0,0,0,0,0,0,0,0,0,1,0,0,0,3,21,16.0,20.0,18.0,1
42,21,1,1,0,1,3,4,0,1,0,0,0,0,0,0,0,0,0,0,0,0,0,0,0,3,21,16.0,20.0,18.0,0
43,11,1,1,0,1,3,0,1,0,0,0,0,0,0,0,0,0,0,0,0,0,0,0,0,2,11,4.0,4.0,4.0,1
43,11,1,1,0,1,3,0,0,0,0,0,0,0,0,0,0,0,0,0,0,0,1,0,0,2,11,4.0,4.0,4.0,0
43,16,1,1,0,1,4,2,0,0,0,0,0,0,0,0,0,1,0,0,0,0,0,0,0,3,17,4.0,5.0,4.5,0
43,16,1,1,0,1,4,2,0,0,0,0,0,0,0,0,0,0,0,0,0,0,1,0,0,3,17,4.0,5.0,4.5,0
43,16,1,1,0,1,4,2,0,0,0,0,0,0,0,0,0,0,0,0,0,0,0,1,0,3,17,4.0,5.0,4.5,1
43,18,1,2,0,3,3,4,0,0,0,0,0,0,0,0,0,1,0,0,0,0,0,0,0,1,18,3.0,3.0,3.0,1
43,18,1,2,0,3,3,4,0,0,0,0,0,0,0,0,0,0,1,0,0,0,0,0,0,1,15,3.0,3.0,3.0,1
43,18,1,1,1,1,3,0,1,0,0,0,0,0,0,0,0,0,0,0,0,0,0,0,0,2,18,1.0,2.0,1.5,1
43,18,1,1,1,1,3,0,0,0,0,0,0,0,0,0,0,1,0,0,0,0,0,0,0,2,18,1.0,2.0,1.5,0
43,18,1,2,0,3,2,4,0,0,0,0,0,0,0,0,0,1,0,0,0,0,0,0,0,2,18,3.0,3.0,3.0,1
43,18,1,2,0,3,2,4,0,0,0,0,0,0,0,0,0,0,1,0,0,0,0,0,0,2,18,3.0,3.0,3.0,1
43,18,1,1,0,3,2,3,1,0,0,0,0,0,0,0,0,0,0,0,0,0,0,0,0,2,18,2.0,2.0,2.0,1
43,18,1,1,0,3,2,3,0,0,0,0,0,0,0,0,0,1,0,0,0,0,0,0,0,2,18,2.0,2.0,2.0,1
43,18,1,2,0,1,3,0,1,0,0,0,0,0,0,0,0,0,0,0,0,0,0,0,0,2,19,3.0,4.0,3.5,1
43,18,1,2,0,1,3,0,0,0,0,0,0,0,0,0,0,1,0,0,0,0,0,0,0,2,19,3.0,4.0,3.5,0
43,21,1,1,0,2,2,1,0,0,0,0,0,0,0,0,0,0,0,0,0,0,0,1,0,2,21,2.0,2.0,2.0,1
43,21,1,1,0,2,2,1,0,1,0,0,0,0,0,0,0,0,0,0,0,0,0,0,0,2,21,2.0,2.0,2.0,0
44,17,1,1,0,1,2,0,1,0,0,0,0,0,0,0,0,0,0,0,0,0,0,0,0,3,17,5.0,5.0,5.0,1
44,17,1,1,0,1,2,0,0,0,0,0,0,0,0,0,0,1,0,0,0,0,0,0,0,3,17,5.0,5.0,5.0,0
44,17,1,1,0,1,2,0,0,0,0,0,0,0,0,0,0,0,1,0,0,0,0,0,0,3,17,5.0,5.0,5.0,1
44,18,1,1,1,2,3,0,0,0,0,0,0,0,0,0,0,1,0,0,0,0,0,0,0,2,18,1.0,2.0,1.5,0
44,18,1,1,1,2,3,0,0,0,0,0,0,0,0,0,0,0,0,1,0,0,0,0,0,2,18,1.0,2.0,1.5,1
44,18,1,1,0,1,2,0,0,0,0,0,0,0,0,0,0,1,0,0,0,0,0,0,0,2,19,3.0,3.0,3.0,0
44,18,1,1,0,1,2,0,0,0,0,0,0,0,0,0,0,0,0,0,0,0,0,1,0,2,19,3.0,3.0,3.0,1
44,19,1,1,0,3,2,3,0,0,0,0,0,0,0,0,0,0,1,0,0,0,0,0,0,1,15,2.0,2.0,2.0,1
44,19,1,1,0,3,2,4,0,0,0,0,0,0,0,0,0,0,0,1,0,0,0,0,0,1,19,5.0,5.0,5.0,1
44,19,1,2,0,3,2,4,0,0,0,0,0,0,0,0,0,0,1,0,0,0,0,0,0,1,19,3.0,3.0,3.0,1
44,19,1,2,0,3,2,3,0,0,0,0,0,0,0,0,0,0,0,0,1,0,0,0,0,1,15,1.0,1.0,1.0,0
44,19,1,2,0,3,2,5,0,0,0,0,0,0,0,0,0,1,0,0,0,0,0,0,0,2,19,3.0,3.0,3.0,1
44,19,1,2,0,3,2,5,0,0,0,0,0,0,0,0,0,0,0,1,0,0,0,0,0,2,19,3.0,3.0,3.0,0
44,19,1,1,0,3,2,3,1,0,0,0,0,0,0,0,0,0,0,0,0,0,0,0,0,2,19,2.0,2.0,2.0,1
44,19,1,1,0,3,2,3,0,0,0,0,0,0,0,0,0,0,0,0,0,1,0,0,0,2,19,2.0,2.0,2.0,0
44,19,1,2,0,1,3,4,0,0,0,0,0,0,0,0,0,0,1,0,0,0,0,0,0,3,19,8.0,12.0,10.0,1
44,19,1,2,0,1,3,4,0,0,0,0,0,0,0,0,0,0,0,0,1,0,0,0,0,3,19,8.0,12.0,10.0,1
44,19,1,2,0,1,3,4,0,0,0,0,0,0,0,0,0,0,0,0,0,1,0,0,0,3,19,8.0,12.0,10.0,1
44,21,1,2,1,1,3,1,1,0,0,0,0,0,0,0,0,0,0,0,0,0,0,0,0,2,21,4.0,5.0,4.5,1
44,21,1,2,1,1,3,1,0,0,0,0,0,0,0,0,0,1,0,0,0,0,0,0,0,2,21,4.0,5.0,4.5,0
44,21,1,1,0,1,2,8,0,0,0,1,0,0,0,0,0,0,0,0,0,0,0,0,0,3,21,16.0,20.0,18.0,1
44,21,1,1,0,1,2,8,0,0,0,0,1,0,0,0,0,0,0,0,0,0,0,0,0,3,21,16.0,20.0,18.0,1
44,21,1,1,0,1,2,8,0,0,0,0,0,0,0,1,0,0,0,0,0,0,0,0,0,3,21,16.0,20.0,18.0,0
45,10,1,2,0,1,3,6,0,0,0,0,0,0,0,0,0,1,0,0,0,0,0,0,0,3,15,16.0,20.0,18.0,1
45,10,1,2,0,1,3,6,0,0,0,0,0,0,0,0,0,0,0,0,0,0,1,0,0,3,15,16.0,20.0,18.0,1
45,10,1,2,0,1,3,6,0,0,0,0,0,1,0,0,0,0,0,0,0,0,0,0,0,3,15,16.0,20.0,18.0,0
45,18,1,1,0,1,2,0,0,0,0,0,0,0,0,0,0,0,0,0,0,0,1,0,0,2,18,4.0,4.0,4.0,0
45,18,1,1,0,1,2,0,0,0,0,0,0,0,0,0,0,0,0,0,0,0,0,1,0,2,18,4.0,4.0,4.0,1
45,20,1,2,0,3,3,3,1,0,0,0,0,0,0,0,0,0,0,0,0,0,0,0,0,1,15,1.0,1.0,1.0,1
45,20,1,2,0,3,3,2,0,0,0,0,0,0,0,0,0,0,0,0,1,0,0,0,0,1,10,2.0,2.0,2.0,0
45,20,1,2,0,3,3,3,0,0,0,0,1,0,0,0,0,0,0,0,0,0,0,0,0,1,20,3.0,3.0,3.0,1
45,20,1,2,1,2,4,0,1,0,0,0,0,0,0,0,0,0,0,0,0,0,0,0,0,2,20,2.0,3.0,2.5,1
45,20,1,2,1,2,4,0,0,0,0,0,0,0,0,0,0,1,0,0,0,0,0,0,0,2,20,2.0,3.0,2.5,0
45,20,1,2,1,2,4,1,1,0,0,0,0,0,0,0,0,0,0,0,0,0,0,0,0,1,20,1.0,2.0,1.5,1
45,20,1,2,1,2,4,1,0,0,0,0,0,0,0,0,0,1,0,0,0,0,0,0,0,1,20,1.0,2.0,1.5,0
45,20,1,1,0,3,2,5,0,0,0,0,0,0,0,0,0,1,0,0,0,0,0,0,0,1,20,3.0,3.0,3.0,1
45,20,1,1,0,3,2,4,0,0,0,0,0,0,0,0,0,0,0,1,0,0,0,0,0,1,20,4.0,4.0,4.0,0
45,20,1,1,0,1,2,0,1,0,0,0,0,0,0,0,0,0,0,0,0,0,0,0,0,2,21,2.0,2.0,2.0,1
45,20,1,1,0,1,2,0,0,0,0,0,0,0,0,0,0,1,0,0,0,0,0,0,0,2,21,2.0,2.0,2.0,0
45,21,1,2,0,1,3,0,0,0,0,0,0,0,0,0,0,0,0,0,0,0,1,0,0,2,22,3.0,4.0,3.5,0
45,21,1,2,0,1,3,0,0,0,0,0,0,0,0,0,0,0,0,0,0,0,0,1,0,2,22,3.0,4.0,3.5,1
45,27,1,1,0,1,3,2,0,0,0,0,0,0,0,0,0,1,0,0,0,0,0,0,0,2,27,4.0,4.0,4.0,0
45,27,1,1,0,1,3,2,0,0,0,0,0,0,0,0,0,0,0,1,0,0,0,0,0,2,27,4.0,4.0,4.0,1
46,19,1,1,0,1,2,0,1,0,0,0,0,0,0,0,0,0,0,0,0,0,0,0,0,2,19,2.0,3.0,2.5,1
46,19,1,1,0,1,2,0,0,0,0,0,0,0,0,0,0,1,0,0,0,0,0,0,0,2,19,2.0,3.0,2.5,0
46,19,1,1,0,1,2,0,0,0,0,0,0,0,0,0,0,0,0,0,0,0,1,0,0,2,20,3.0,3.0,3.0,0
46,19,1,1,0,1,2,0,0,0,0,0,0,0,0,0,0,0,0,0,0,0,0,1,0,2,20,3.0,3.0,3.0,1
46,21,1,1,0,1,3,1,1,0,0,0,0,0,0,0,0,0,0,0,0,0,0,0,0,2,21,4.0,4.0,4.0,1
46,21,1,1,0,1,3,1,0,0,0,0,0,0,0,0,0,1,0,0,0,0,0,0,0,2,21,4.0,4.0,4.0,0
47,12,1,1,0,1,2,8,0,0,0,0,0,0,0,0,0,0,0,1,0,0,0,0,0,3,12,5.0,6.0,5.5,1
47,12,1,1,0,1,2,8,0,0,0,0,0,0,0,0,0,0,0,0,0,0,1,0,0,3,12,5.0,6.0,5.5,1
47,12,1,1,0,1,2,8,0,0,0,0,0,0,0,0,0,0,0,0,0,0,0,1,0,3,12,5.0,6.0,5.5,0
47,17,1,3,0,1,2,7,0,0,0,0,0,0,0,0,0,0,0,0,0,0,0,1,0,4,17,16.0,20.0,18.0,0
47,17,1,3,0,1,2,7,0,0,1,0,0,0,0,0,0,0,0,0,0,0,0,0,0,4,17,16.0,20.0,18.0,1
47,17,1,3,0,1,2,7,0,0,0,0,1,0,0,0,0,0,0,0,0,0,0,0,0,4,17,16.0,20.0,18.0,0
47,17,1,3,0,1,2,7,0,0,0,0,0,0,1,0,0,0,0,0,0,0,0,0,0,4,17,16.0,20.0,18.0,0
47,17,1,1,0,1,2,6,0,0,0,0,0,0,0,0,0,0,0,0,0,0,0,0,1,3,17,5.0,7.0,6.0,1
47,17,1,1,0,1,2,6,0,1,0,0,0,0,0,0,0,0,0,0,0,0,0,0,0,3,17,5.0,7.0,6.0,1
47,17,1,1,0,1,2,6,0,0,0,0,0,1,0,0,0,0,0,0,0,0,0,0,0,3,17,5.0,7.0,6.0,0
47,18,1,1,1,1,3,0,1,0,0,0,0,0,0,0,0,0,0,0,0,0,0,0,0,3,18,1.0,2.0,1.5,1
47,18,1,1,1,1,3,0,0,0,0,0,0,0,0,0,0,1,0,0,0,0,0,0,0,3,18,1.0,2.0,1.5,0
47,18,1,1,1,1,3,0,0,0,0,0,0,0,0,0,0,0,0,0,0,0,1,0,0,3,18,1.0,2.0,1.5,0
47,18,1,1,1,1,3,2,1,0,0,0,0,0,0,0,0,0,0,0,0,0,0,0,0,1,18,2.0,2.0,2.0,1
47,18,1,1,1,1,3,2,0,0,0,0,0,0,0,0,0,1,0,0,0,0,0,0,0,1,18,2.0,2.0,2.0,0
47,18,1,1,1,1,3,2,0,0,0,0,0,0,0,0,0,0,0,0,0,0,1,0,0,1,18,2.0,2.0,2.0,0
47,19,1,1,0,1,2,0,1,0,0,0,0,0,0,0,0,0,0,0,0,0,0,0,0,3,20,1.0,2.0,1.5,1
47,19,1,1,0,1,2,0,0,0,0,0,0,0,0,0,0,1,0,0,0,0,0,0,0,3,20,1.0,2.0,1.5,0
47,19,1,1,0,1,2,0,0,0,0,0,0,0,0,0,0,0,0,0,0,0,0,1,0,3,20,1.0,2.0,1.5,1
47,20,1,1,0,1,3,1,0,0,0,0,0,0,0,0,0,1,0,0,0,0,0,0,0,3,20,4.0,5.0,4.5,0
47,20,1,1,0,1,3,1,0,0,0,0,0,0,0,0,0,0,0,0,0,0,1,0,0,3,20,4.0,5.0,4.5,1
47,20,1,1,0,1,3,1,0,0,0,0,0,0,0,0,0,0,0,0,0,0,0,1,0,3,20,4.0,5.0,4.5,0
47,20,1,1,0,1,2,0,1,0,0,0,0,0,0,0,0,0,0,0,0,0,0,0,0,2,21,2.0,3.0,2.5,1
47,20,1,1,0,1,2,0,0,0,0,0,0,0,0,0,0,1,0,0,0,0,0,0,0,2,21,2.0,3.0,2.5,0
47,24,1,1,1,1,2,1,1,0,0,0,0,0,0,0,0,0,0,0,0,0,0,0,0,2,24,5.0,5.0,5.0,1
47,24,1,1,1,1,2,1,0,0,0,0,0,0,0,0,0,0,0,0,0,0,1,0,0,2,24,5.0,5.0,5.0,0
47,29,1,1,0,1,2,5,0,0,0,0,0,0,0,0,0,0,1,0,0,0,0,0,0,2,29,4.0,5.0,4.5,1
47,29,1,1,0,1,2,5,0,0,1,0,0,0,0,0,0,0,0,0,0,0,0,0,0,2,29,4.0,5.0,4.5,0
47,30,1,2,0,1,4,2,0,0,0,0,0,0,0,0,0,0,1,0,0,0,0,0,0,3,30,20.0,32.0,26.0,1
47,30,1,2,0,1,4,2,0,0,0,0,0,0,0,0,0,0,0,0,0,0,0,1,0,3,30,20.0,32.0,26.0,0
47,30,1,2,0,1,4,2,0,0,1,0,0,0,0,0,0,0,0,0,0,0,0,0,0,3,30,20.0,32.0,26.0,0
48,27,1,1,0,1,2,0,0,0,0,0,0,0,0,0,0,1,0,0,0,0,0,0,0,3,27,4.0,5.0,4.5,0
48,27,1,1,0,1,2,0,0,0,0,0,0,0,0,0,0,0,1,0,0,0,0,0,0,3,27,4.0,5.0,4.5,1
48,27,1,1,0,1,2,0,0,0,0,0,0,0,0,0,0,0,0,1,0,0,0,0,0,3,27,4.0,5.0,4.5,0
49,18,1,2,0,1,3,0,0,0,0,0,0,0,0,0,0,0,1,0,0,0,0,0,0,2,19,1.0,2.0,1.5,0
49,18,1,2,0,1,3,0,0,0,0,0,0,0,0,0,0,0,0,0,0,0,0,1,0,2,19,1.0,2.0,1.5,1
49,20,1,1,0,1,3,7,0,0,0,0,0,0,0,0,0,0,1,0,0,0,0,0,0,3,21,16.0,20.0,18.0,1
49,20,1,1,0,1,3,7,0,0,0,0,0,0,0,0,0,0,0,0,0,0,0,1,0,3,21,16.0,20.0,18.0,1
49,20,1,1,0,1,3,7,0,0,0,0,0,0,0,0,0,0,0,0,0,0,0,0,1,3,21,16.0,20.0,18.0,0
49,22,1,1,0,1,3,0,0,0,0,0,0,0,0,0,0,1,0,0,0,0,0,0,0,2,23,2.0,3.0,2.5,0
49,22,1,1,0,1,3,0,0,0,0,0,0,0,0,0,0,0,0,1,0,0,0,0,0,2,23,2.0,3.0,2.5,0
49,26,1,2,0,1,2,8,1,0,0,0,0,0,0,0,0,0,0,0,0,0,0,0,0,3,10,16.0,20.0,18.0,0
49,26,1,2,0,1,2,8,0,0,0,0,0,0,0,0,0,0,0,1,0,0,0,0,0,3,10,16.0,20.0,18.0,1
49,26,1,2,0,1,2,8,0,1,0,0,0,0,0,0,0,0,0,0,0,0,0,0,0,3,10,16.0,20.0,18.0,0
49,29,1,3,0,1,2,0,0,0,0,0,0,0,0,0,0,0,0,0,0,0,1,0,0,2,29,3.0,3.0,3.0,0
49,29,1,3,0,1,2,0,0,0,0,0,0,0,0,0,0,0,0,0,0,0,0,1,0,2,29,3.0,3.0,3.0,1
50,22,1,1,0,1,2,5,1,0,0,0,0,0,0,0,0,0,0,0,0,0,0,0,0,3,23,16.0,20.0,18.0,1
50,22,1,1,0,1,2,5,0,0,0,0,0,0,0,0,0,0,0,0,0,1,0,0,0,3,23,16.0,20.0,18.0,1
50,22,1,1,0,1,2,5,0,1,0,0,0,0,0,0,0,0,0,0,0,0,0,0,0,3,23,16.0,20.0,18.0,0
50,31,1,2,1,1,3,0,1,0,0,0,0,0,0,0,0,0,0,0,0,0,0,0,0,2,31,3.0,4.0,3.5,1
50,31,1,2,1,1,3,0,0,0,0,0,0,0,0,0,0,1,0,0,0,0,0,0,0,2,31,3.0,4.0,3.5,0
51,19,1,2,1,1,2,0,1,0,0,0,0,0,0,0,0,0,0,0,0,0,0,0,0,3,19,1.0,2.0,1.5,1
51,19,1,2,1,1,2,0,0,0,0,0,0,0,0,0,0,1,0,0,0,0,0,0,0,3,19,1.0,2.0,1.5,0
51,19,1,2,1,1,2,0,0,0,0,0,0,0,0,0,0,0,0,0,0,0,0,1,0,3,19,1.0,2.0,1.5,1
51,23,1,2,1,1,3,0,0,0,0,0,0,0,0,0,0,0,0,1,0,0,0,0,0,3,23,3.0,3.0,3.0,0
51,23,1,2,1,1,3,0,0,0,0,0,0,0,0,0,0,0,0,0,0,0,1,0,0,3,23,3.0,3.0,3.0,0
51,23,1,2,1,1,3,0,0,0,0,0,0,0,0,0,0,0,0,0,0,0,0,1,0,3,23,3.0,3.0,3.0,1
51,24,1,1,0,1,3,1,1,0,0,0,0,0,0,0,0,0,0,0,0,0,0,0,0,3,24,2.0,3.0,2.5,0
51,24,1,1,0,1,3,1,0,0,0,0,0,0,0,0,0,0,0,1,0,0,0,0,0,3,24,2.0,3.0,2.5,1
51,24,1,1,0,1,3,1,0,0,0,0,0,0,0,0,0,0,0,0,0,0,1,0,0,3,24,2.0,3.0,2.5,1
51,25,1,3,0,1,2,5,1,0,0,0,0,0,0,0,0,0,0,0,0,0,0,0,0,3,26,16.0,20.0,18.0,1
51,25,1,3,0,1,2,5,0,0,0,0,0,0,0,0,0,0,0,1,0,0,0,0,0,3,26,16.0,20.0,18.0,1
51,25,1,3,0,1,2,5,0,0,0,0,0,0,0,0,0,0,0,0,0,0,1,0,0,3,26,16.0,20.0,18.0,0
51,29,1,1,0,1,3,2,0,0,0,0,0,0,0,0,0,0,0,0,0,0,0,1,0,3,29,2.0,2.0,2.0,1
51,29,1,1,0,1,3,2,0,0,0,0,0,0,0,0,0,0,0,0,0,0,0,0,1,3,29,2.0,2.0,2.0,1
51,29,1,1,0,1,3,2,0,0,0,0,1,0,0,0,0,0,0,0,0,0,0,0,0,3,29,2.0,2.0,2.0,0
51,32,1,3,0,1,4,5,1,0,0,0,0,0,0,0,0,0,0,0,0,0,0,0,0,3,32,20.0,24.0,22.0,1
51,32,1,3,0,1,4,5,0,0,0,0,0,0,0,0,0,0,0,0,0,1,0,0,0,3,32,20.0,24.0,22.0,1
51,32,1,3,0,1,4,5,0,1,0,0,0,0,0,0,0,0,0,0,0,0,0,0,0,3,32,20.0,24.0,22.0,0
52,10,1,1,0,2,3,0,0,0,0,0,0,0,0,0,0,0,0,0,0,0,1,0,0,2,10,2.0,3.0,2.5,0
52,10,1,1,0,2,3,0,0,0,0,0,0,0,0,0,0,0,0,0,0,0,0,1,0,2,10,2.0,3.0,2.5,1
52,25,1,2,0,1,2,5,1,0,0,0,0,0,0,0,0,0,0,0,0,0,0,0,0,4,25,16.0,20.0,18.0,0
52,25,1,2,0,1,2,5,0,0,0,0,0,0,0,0,0,0,0,1,0,0,0,0,0,4,25,16.0,20.0,18.0,1
52,25,1,2,0,1,2,5,0,0,0,0,0,0,0,0,0,0,0,0,0,0,1,0,0,4,25,16.0,20.0,18.0,0
52,25,1,2,0,1,2,5,0,1,0,0,0,0,0,0,0,0,0,0,0,0,0,0,0,4,25,16.0,20.0,18.0,0
52,27,1,1,0,1,2,1,0,0,0,0,0,0,0,0,0,1,0,0,0,0,0,0,0,2,7,6.0,7.0,6.5,0
52,27,1,1,0,1,2,1,0,0,0,0,0,0,0,0,0,0,0,0,0,0,1,0,0,2,7,6.0,7.0,6.5,1
52,27,1,1,0,1,2,0,0,0,0,0,0,0,0,0,0,1,0,0,0,0,0,0,0,2,7,3.0,4.0,3.5,0
52,27,1,1,0,1,2,0,0,0,0,0,0,0,0,0,0,0,0,0,0,0,1,0,0,2,7,3.0,4.0,3.5,1
52,28,1,2,0,1,5,0,1,0,0,0,0,0,0,0,0,0,0,0,0,0,0,0,0,3,29,2.0,3.0,2.5,0
52,28,1,2,0,1,5,0,0,0,0,0,0,0,0,0,0,0,1,0,0,0,0,0,0,3,29,2.0,3.0,2.5,1
52,28,1,2,0,1,5,0,0,0,0,0,0,0,0,0,0,0,0,0,0,0,0,1,0,3,29,2.0,3.0,2.5,0
52,28,1,2,0,1,5,2,1,0,0,0,0,0,0,0,0,0,0,0,0,0,0,0,0,1,29,1.0,2.0,1.5,0
52,28,1,2,0,1,5,2,0,0,0,0,0,0,0,0,0,0,1,0,0,0,0,0,0,1,29,1.0,2.0,1.5,1
52,28,1,2,0,1,5,2,0,0,0,0,0,0,0,0,0,0,0,0,0,0,0,1,0,1,29,1.0,2.0,1.5,0
52,30,1,1,1,2,3,0,0,0,0,0,0,0,0,0,0,1,0,0,0,0,0,0,0,2,30,2.0,3.0,2.5,0
52,30,1,1,1,2,3,0,0,0,0,0,0,0,0,0,0,0,0,1,0,0,0,0,0,2,30,2.0,3.0,2.5,0
53,17,1,1,0,1,3,1,0,0,0,0,0,0,0,0,0,1,0,0,0,0,0,0,0,2,17,3.0,3.0,3.0,0
53,17,1,1,0,1,3,1,0,0,0,0,0,0,0,0,0,0,0,1,0,0,0,0,0,2,17,3.0,3.0,3.0,0
53,26,1,3,0,1,4,4,1,0,0,0,0,0,0,0,0,0,0,0,0,0,0,0,0,3,26,16.0,20.0,18.0,1
53,26,1,3,0,1,4,4,0,0,0,0,0,0,0,0,0,0,0,1,0,0,0,0,0,3,26,16.0,20.0,18.0,1
53,26,1,3,0,1,4,4,0,0,0,0,0,0,0,0,0,0,0,0,0,0,1,0,0,3,26,16.0,20.0,18.0,0
53,31,1,3,0,1,2,4,0,0,0,0,0,0,0,0,0,0,1,0,0,0,0,0,0,3,31,16.0,20.0,18.0,1
53,31,1,3,0,1,2,4,0,0,0,0,0,0,0,0,0,0,0,0,0,0,0,1,0,3,31,16.0,20.0,18.0,1
53,31,1,3,0,1,2,4,0,0,0,1,0,0,0,0,0,0,0,0,0,0,0,0,0,3,31,16.0,20.0,18.0,1
54,21,1,1,0,1,5,1,1,0,0,0,0,0,0,0,0,0,0,0,0,0,0,0,0,3,21,3.0,4.0,3.5,1
54,21,1,1,0,1,5,1,0,0,0,0,0,0,0,0,0,1,0,0,0,0,0,0,0,3,21,3.0,4.0,3.5,0
54,21,1,1,0,1,5,1,0,0,0,0,0,0,0,0,0,0,1,0,0,0,0,0,0,3,21,3.0,4.0,3.5,0
54,26,1,2,1,2,1,1,1,0,0,0,0,0,0,0,0,0,0,0,0,0,0,0,0,2,26,3.0,4.0,3.5,1
54,26,1,2,1,2,1,1,0,0,0,0,0,0,0,0,0,1,0,0,0,0,0,0,0,2,26,3.0,4.0,3.5,0
54,26,1,2,0,1,2,2,1,0,0,0,0,0,0,0,0,0,0,0,0,0,0,0,0,3,27,16.0,20.0,18.0,1
54,26,1,2,0,1,2,2,0,0,0,0,0,0,0,0,0,0,0,0,1,0,0,0,0,3,27,16.0,20.0,18.0,1
54,26,1,2,0,1,2,2,0,0,1,0,0,0,0,0,0,0,0,0,0,0,0,0,0,3,27,16.0,20.0,18.0,0
55,29,1,3,0,1,2,2,1,0,0,0,0,0,0,0,0,0,0,0,0,0,0,0,0,3,30,16.0,20.0,18.0,1
55,29,1,3,0,1,2,2,0,0,0,0,0,0,0,0,0,0,0,0,0,1,0,0,0,3,30,16.0,20.0,18.0,1
55,29,1,3,0,1,2,2,0,1,0,0,0,0,0,0,0,0,0,0,0,0,0,0,0,3,30,16.0,20.0,18.0,0
55,35,1,2,1,2,4,2,1,0,0,0,0,0,0,0,0,0,0,0,0,0,0,0,0,4,35,4.0,5.0,4.5,1
55,35,1,2,1,2,4,2,0,0,0,0,0,0,0,0,0,1,0,0,0,0,0,0,0,4,35,4.0,5.0,4.5,0
55,35,1,2,1,2,4,2,0,0,0,0,0,0,0,0,0,0,0,1,0,0,0,0,0,4,35,4.0,5.0,4.5,0
55,35,1,2,1,2,4,2,0,0,0,0,0,0,0,0,0,0,0,0,0,0,1,0,0,4,35,4.0,5.0,4.5,1
56,27,1,1,0,1,3,7,0,0,0,0,0,0,0,0,0,0,1,0,0,0,0,0,0,3,27,16.0,20.0,18.0,1
56,27,1,1,0,1,3,7,0,0,0,0,0,0,0,0,0,0,0,0,0,0,0,1,0,3,27,16.0,20.0,18.0,1
56,27,1,1,0,1,3,7,0,0,0,0,0,0,0,0,0,0,0,0,0,0,0,0,1,3,27,16.0,20.0,18.0,0
58,30,1,3,0,1,5,0,1,0,0,0,0,0,0,0,0,0,0,0,0,0,0,0,0,3,30,2.0,3.0,2.5,0
58,30,1,3,0,1,5,0,0,0,0,0,0,0,0,0,0,0,1,0,0,0,0,0,0,3,30,2.0,3.0,2.5,1
58,30,1,3,0,1,5,0,0,0,0,0,0,0,0,0,0,0,0,0,0,0,0,1,0,3,30,2.0,3.0,2.5,0
58,30,1,3,0,1,5,2,1,0,0,0,0,0,0,0,0,0,0,0,0,0,0,0,0,1,30,1.0,2.0,1.5,0
58,30,1,3,0,1,5,2,0,0,0,0,0,0,0,0,0,0,1,0,0,0,0,0,0,1,30,1.0,2.0,1.5,1
58,30,1,3,0,1,5,2,0,0,0,0,0,0,0,0,0,0,0,0,0,0,0,1,0,1,30,1.0,2.0,1.5,0
58,32,1,3,0,1,3,0,1,0,0,0,0,0,0,0,0,0,0,0,0,0,0,0,0,2,33,3.0,4.0,3.5,1
58,32,1,3,0,1,3,0,0,0,0,0,0,0,0,0,0,1,0,0,0,0,0,0,0,2,33,3.0,4.0,3.5,0
59,38,1,3,1,1,2,3,1,0,0,0,0,0,0,0,0,0,0,0,0,0,0,0,0,4,38,3.0,4.0,3.5,1
59,38,1,3,1,1,2,3,0,0,0,0,0,0,0,0,0,1,0,0,0,0,0,0,0,4,38,3.0,4.0,3.5,0
59,38,1,3,1,1,2,3,0,0,0,0,0,0,0,0,0,0,0,1,0,0,0,0,0,4,38,3.0,4.0,3.5,0
59,38,1,3,1,1,2,3,0,0,0,0,0,0,0,0,0,0,0,0,0,0,1,0,0,4,38,3.0,4.0,3.5,1
60,35,1,3,1,2,4,0,0,0,0,0,0,0,0,0,0,0,1,0,0,0,0,0,0,3,35,3.0,3.0,3.0,0
60,35,1,3,1,2,4,0,0,0,0,0,0,0,0,0,0,0,0,0,0,0,1,0,0,3,35,3.0,3.0,3.0,0
60,35,1,3,1,2,4,0,0,0,0,0,0,0,0,0,0,0,0,0,0,0,0,1,0,3,35,3.0,3.0,3.0,1
60,35,1,3,0,1,3,1,0,0,0,0,0,0,0,0,0,0,0,0,0,0,0,0,1,2,36,2.0,3.0,2.5,0
60,35,1,3,0,1,3,1,0,0,0,0,1,0,0,0,0,0,0,0,0,0,0,0,0,2,36,2.0,3.0,2.5,0
62,43,1,3,0,1,5,3,0,0,1,0,0,0,0,0,0,0,0,0,0,0,0,0,0,1,43,16.0,20.0,18.0,0
45,20,1,2,0,3,3,4,0,0,0,0,0,0,0,0,0,1,0,0,0,0,0,0,0,2,20,4.0,4.0,4.0,1
45,20,1,2,0,3,3,4,0,0,0,0,0,0,0,0,0,0,0,0,0,0,1,0,0,2,20,4.0,4.0,4.0,0
45,23,1,2,0,3,3,6,0,0,0,0,0,0,0,0,0,1,0,0,0,0,0,0,0,2,20,3.0,3.0,3.0,1
45,23,1,2,0,3,3,6,0,0,0,0,0,0,0,0,0,0,0,0,1,0,0,0,0,2,20,3.0,3.0,3.0,0
46,15,1,1,0,3,3,4,0,0,0,0,0,0,0,0,0,1,0,0,0,0,0,0,0,3,12,3.0,3.0,3.0,0
46,15,1,1,0,3,3,4,0,0,0,0,0,0,0,0,0,0,0,0,0,0,0,1,0,3,12,3.0,3.0,3.0,0
46,15,1,1,0,3,3,4,0,0,0,1,0,0,0,0,0,0,0,0,0,0,0,0,0,3,12,3.0,3.0,3.0,0
46,20,1,1,0,3,3,4,0,0,0,0,0,0,0,0,0,0,0,1,0,0,0,0,0,1,20,4.0,4.0,4.0,1
46,20,1,1,0,3,3,3,0,0,0,0,0,0,0,0,0,0,0,0,1,0,0,0,0,1,15,1.0,1.0,1.0,0
46,20,1,3,0,3,2,2,0,0,0,0,0,0,0,0,0,1,0,0,0,0,0,0,0,2,20,3.0,3.0,3.0,1
46,20,1,3,0,3,2,2,0,0,0,0,0,0,0,0,0,0,0,0,1,0,0,0,0,2,20,3.0,3.0,3.0,0
46,20,1,1,0,3,2,5,0,0,0,0,0,0,0,0,0,1,0,0,0,0,0,0,0,2,20,3.0,3.0,3.0,1
46,20,1,1,0,3,2,5,0,0,0,0,1,0,0,0,0,0,0,0,0,0,0,0,0,2,20,3.0,3.0,3.0,1
46,21,1,2,0,3,3,5,0,0,0,0,0,0,0,0,0,1,0,0,0,0,0,0,0,1,21,3.0,3.0,3.0,1
46,21,1,2,0,3,3,5,0,0,0,0,0,0,0,0,0,0,0,0,0,0,0,1,0,1,20,4.0,4.0,4.0,0
46,21,1,1,0,3,2,3,1,0,0,0,0,0,0,0,0,0,0,0,0,0,0,0,0,2,21,3.0,3.0,3.0,1
46,21,1,1,0,3,2,3,0,0,0,0,1,0,0,0,0,0,0,0,0,0,0,0,0,2,21,3.0,3.0,3.0,0
47,20,1,1,0,3,3,6,0,0,0,0,0,0,0,0,0,0,1,0,0,0,0,0,0,1,18,3.0,3.0,3.0,0
47,20,1,1,0,3,3,6,0,0,0,0,0,0,0,0,0,0,0,0,1,0,0,0,0,1,16,2.0,2.0,2.0,0
47,20,1,1,0,3,3,6,0,0,1,0,0,0,0,0,0,0,0,0,0,0,0,0,0,1,15,4.0,4.0,4.0,0
47,20,1,1,0,3,3,5,0,0,0,0,0,0,0,0,0,1,0,0,0,0,0,0,0,1,20,3.0,3.0,3.0,1
47,20,1,1,0,3,3,6,0,0,0,0,1,0,0,0,0,0,0,0,0,0,0,0,0,1,20,3.0,3.0,3.0,0
47,20,1,2,0,3,3,7,0,0,0,0,0,0,0,0,0,0,1,0,0,0,0,0,0,2,20,5.0,5.0,5.0,1
47,20,1,2,0,3,3,7,0,0,0,0,0,0,0,0,0,0,0,0,0,0,0,0,1,2,20,5.0,5.0,5.0,0
47,21,1,1,1,3,2,3,0,0,0,0,0,0,0,0,0,0,0,0,1,0,0,0,0,1,15,1.0,1.0,1.0,0
47,21,1,1,1,3,2,4,0,0,0,0,0,0,0,0,0,0,0,0,0,0,0,0,1,1,21,4.0,4.0,4.0,1
47,22,1,2,0,3,2,5,0,0,0,0,0,0,0,0,0,1,0,0,0,0,0,0,0,2,20,5.0,5.0,5.0,1
47,22,1,2,0,3,2,5,0,0,0,0,1,0,0,0,0,0,0,0,0,0,0,0,0,2,20,5.0,5.0,5.0,1
47,22,1,2,0,3,3,2,0,0,0,0,0,0,0,0,0,1,0,0,0,0,0,0,0,2,20,3.0,3.0,3.0,1
47,22,1,2,0,3,3,2,0,0,0,0,0,0,0,0,0,0,0,0,0,0,1,0,0,2,20,3.0,3.0,3.0,0
47,25,1,1,0,3,2,6,1,0,0,0,0,0,0,0,0,0,0,0,0,0,0,0,0,2,21,2.0,2.0,2.0,1
47,25,1,1,0,3,2,6,0,0,0,0,0,0,0,0,0,0,0,0,0,1,0,0,0,2,21,2.0,2.0,2.0,0
48,13,1,1,0,3,2,5,1,0,0,0,0,0,0,0,0,0,0,0,0,0,0,0,0,2,18,3.0,3.0,3.0,1
48,13,1,1,0,3,2,5,0,0,0,0,0,0,0,0,0,0,1,0,0,0,0,0,0,2,18,3.0,3.0,3.0,0
48,16,1,1,0,3,3,5,1,0,0,0,0,0,0,0,0,0,0,0,0,0,0,0,0,3,12,3.0,3.0,3.0,0
48,16,1,1,0,3,3,5,0,0,0,0,0,0,0,0,0,0,0,1,0,0,0,0,0,3,12,3.0,3.0,3.0,0
48,16,1,1,0,3,3,5,0,0,0,0,0,0,0,0,0,0,0,0,0,0,0,1,0,3,12,3.0,3.0,3.0,0
48,18,1,1,0,3,3,7,0,0,0,0,0,0,0,0,0,1,0,0,0,0,0,0,0,3,15,2.0,2.0,2.0,0
48,18,1,1,0,3,3,7,0,0,0,0,0,0,0,0,0,0,0,0,0,0,1,0,0,3,15,2.0,2.0,2.0,0
48,18,1,1,0,3,3,7,0,1,0,0,0,0,0,0,0,0,0,0,0,0,0,0,0,3,15,2.0,2.0,2.0,0
48,18,1,1,0,3,3,5,0,0,0,0,0,0,0,0,1,0,0,0,0,0,0,0,0,1,15,1.0,1.0,1.0,0
48,21,1,3,1,3,3,7,0,0,0,0,0,0,0,0,0,0,0,0,0,0,1,0,0,2,21,3.0,3.0,3.0,0
48,21,1,3,1,3,3,7,0,0,0,0,1,0,0,0,0,0,0,0,0,0,0,0,0,2,21,3.0,3.0,3.0,1
48,21,1,3,1,3,3,5,0,0,0,0,0,0,0,0,0,0,0,0,0,0,1,0,0,1,21,5.0,5.0,5.0,0
48,21,1,3,1,3,3,5,0,0,0,0,1,0,0,0,0,0,0,0,0,0,0,0,0,1,21,5.0,5.0,5.0,1
48,22,1,2,0,3,3,3,0,0,0,0,0,0,0,0,0,0,0,0,0,0,1,0,0,1,20,2.0,2.0,2.0,1
48,22,1,2,0,3,3,2,0,0,0,0,0,0,0,0,0,0,0,0,0,0,0,0,1,1,18,4.0,4.0,4.0,1
48,22,1,2,0,3,3,5,0,0,0,0,0,0,0,0,0,1,0,0,0,0,0,0,0,1,22,3.0,3.0,3.0,1
48,22,1,2,0,3,3,3,0,0,0,0,0,0,0,0,0,0,0,0,0,0,1,0,0,1,20,2.0,2.0,2.0,0
48,22,1,2,0,3,3,3,0,0,0,0,0,0,0,0,0,1,0,0,0,0,0,0,0,2,22,3.0,3.0,3.0,1
48,22,1,2,0,3,3,3,0,0,0,0,0,0,0,0,0,0,0,0,0,0,0,0,1,2,22,3.0,3.0,3.0,1
48,23,1,1,0,3,3,4,0,0,0,0,0,0,0,0,0,1,0,0,0,0,0,0,0,2,23,3.0,3.0,3.0,1
48,23,1,1,0,3,3,4,0,0,0,0,1,0,0,0,0,0,0,0,0,0,0,0,0,2,23,3.0,3.0,3.0,0
49,16,1,1,0,3,2,4,0,0,0,0,0,0,0,0,0,0,0,0,0,0,0,0,1,2,12,2.0,2.0,2.0,0
49,16,1,1,0,3,2,4,0,0,1,0,0,0,0,0,0,0,0,0,0,0,0,0,0,2,12,2.0,2.0,2.0,0
49,16,1,1,0,3,2,4,0,0,0,0,1,0,0,0,0,0,0,0,0,0,0,0,0,1,13,2.0,2.0,2.0,0
49,22,1,3,1,3,3,4,0,0,0,0,0,0,0,0,0,0,0,0,1,0,0,0,0,2,20,2.0,2.0,2.0,0
49,22,1,3,1,3,3,4,0,0,0,0,0,0,0,0,0,0,0,0,0,0,1,0,0,2,20,2.0,2.0,2.0,1
49,23,1,1,0,3,4,4,0,0,0,0,0,0,0,0,0,1,0,0,0,0,0,0,0,1,23,3.0,3.0,3.0,1
49,23,1,1,0,3,4,5,0,0,0,0,0,0,0,0,0,0,0,0,0,0,1,0,0,1,20,2.0,2.0,2.0,1
49,23,1,1,0,3,4,3,0,0,0,0,0,0,0,0,0,0,0,0,0,0,0,0,1,1,22,4.0,4.0,4.0,0
49,24,1,3,1,3,3,4,0,0,0,0,0,0,0,0,0,1,0,0,0,0,0,0,0,1,24,3.0,3.0,3.0,0
49,24,1,3,1,3,3,5,0,0,0,0,0,0,0,0,0,0,0,0,0,0,1,0,0,1,20,2.0,2.0,2.0,0
49,24,1,1,0,3,3,2,0,0,0,0,0,0,0,0,0,0,0,1,0,0,0,0,0,2,20,3.0,3.0,3.0,1
49,24,1,1,0,3,3,2,0,0,0,0,0,0,0,0,0,0,0,0,0,1,0,0,0,2,20,3.0,3.0,3.0,0
49,24,1,3,1,3,3,2,0,0,0,0,0,0,0,0,0,0,0,0,0,1,0,0,0,2,20,2.0,2.0,2.0,1
49,24,1,3,1,3,3,2,0,0,0,0,0,0,0,0,0,0,0,0,0,0,0,0,1,2,20,2.0,2.0,2.0,1
50,25,1,1,1,3,3,3,0,0,0,0,0,0,0,0,0,0,0,1,0,0,0,0,0,1,25,3.0,3.0,3.0,1
50,25,1,1,1,3,3,6,0,0,0,0,0,0,0,0,0,0,0,0,0,1,0,0,0,1,20,2.0,2.0,2.0,0
50,25,1,3,0,3,4,3,0,0,0,0,0,0,0,0,0,1,0,0,0,0,0,0,0,1,20,3.0,3.0,3.0,1
50,25,1,3,0,3,4,4,0,0,0,0,0,0,0,0,0,0,0,0,0,0,0,1,0,1,20,4.0,4.0,4.0,0
50,25,1,3,1,3,3,5,0,0,0,0,0,0,0,0,0,0,0,0,0,0,0,0,1,2,25,4.0,4.0,4.0,1
50,25,1,3,1,3,3,5,0,0,0,0,1,0,0,0,0,0,0,0,0,0,0,0,0,2,25,4.0,4.0,4.0,0
50,25,1,1,0,3,3,3,0,0,0,0,0,0,0,0,0,0,0,1,0,0,0,0,0,2,25,3.0,3.0,3.0,1
50,25,1,1,0,3,3,3,0,0,0,0,0,0,0,0,0,0,0,0,0,1,0,0,0,2,25,3.0,3.0,3.0,0
50,25,1,2,1,3,3,3,0,0,0,0,0,0,0,0,0,1,0,0,0,0,0,0,0,2,25,3.0,3.0,3.0,1
50,25,1,2,1,3,3,3,0,0,0,0,0,0,0,0,0,0,0,0,0,0,1,0,0,2,25,3.0,3.0,3.0,0
50,26,1,2,0,3,3,5,0,0,0,0,0,0,0,0,0,0,1,0,0,0,0,0,0,1,15,4.0,4.0,4.0,0
50,26,1,2,0,3,3,5,0,0,0,0,0,0,0,0,0,0,0,0,0,1,0,0,0,1,15,3.0,3.0,3.0,0
50,26,1,2,0,3,3,5,0,0,0,0,0,0,0,0,0,0,0,0,0,0,0,0,1,1,15,4.0,4.0,4.0,0
50,26,1,2,0,3,3,5,0,0,0,0,1,0,0,0,0,0,0,0,0,0,0,0,0,1,15,4.0,4.0,4.0,0
51,25,1,2,0,3,3,5,0,0,0,0,0,0,0,0,0,0,0,0,0,0,0,1,0,1,25,4.0,4.0,4.0,0
51,25,1,2,0,3,3,4,0,0,1,0,0,0,0,0,0,0,0,0,0,0,0,0,0,1,24,3.0,3.0,3.0,1
51,25,1,3,1,3,3,3,0,0,0,0,0,0,0,0,0,0,0,1,0,0,0,0,0,1,25,3.0,3.0,3.0,1
51,25,1,3,1,3,3,4,0,0,0,0,0,0,0,0,0,0,0,0,0,0,1,0,0,1,25,2.0,2.0,2.0,0
51,25,1,3,1,3,3,5,0,0,0,0,0,0,0,0,0,0,0,0,0,0,0,0,1,1,25,4.0,4.0,4.0,1
51,25,1,2,1,3,3,4,0,0,0,0,0,0,0,0,0,0,0,1,0,0,0,0,0,2,25,4.0,4.0,4.0,1
51,25,1,2,1,3,3,4,0,0,0,0,0,0,0,0,0,0,0,0,0,0,0,0,1,2,25,4.0,4.0,4.0,1
51,25,1,2,1,3,3,8,0,0,0,0,0,0,0,0,0,0,0,0,0,1,0,0,0,2,20,4.0,4.0,4.0,0
51,25,1,2,1,3,3,8,0,0,0,0,0,0,0,0,0,0,0,0,0,0,0,0,1,2,20,4.0,4.0,4.0,1
51,25,1,3,1,3,3,3,0,0,0,0,0,0,0,0,0,0,0,1,0,0,0,0,0,2,25,4.0,4.0,4.0,1
51,25,1,3,1,3,3,3,0,0,0,0,0,0,0,0,0,0,0,0,0,0,0,1,0,2,25,4.0,4.0,4.0,0
51,25,1,1,0,3,3,3,0,0,0,0,0,0,0,0,0,0,0,1,0,0,0,0,0,2,25,3.0,3.0,3.0,1
51,25,1,1,0,3,3,3,0,0,0,0,1,0,0,0,0,0,0,0,0,0,0,0,0,2,25,3.0,3.0,3.0,0
52,25,1,3,1,3,3,3,0,0,0,0,0,0,0,0,0,1,0,0,0,0,0,0,0,1,21,3.0,3.0,3.0,1
52,25,1,3,1,3,3,2,0,0,0,0,0,0,0,0,0,0,1,0,0,0,0,0,0,1,20,2.0,2.0,2.0,1
52,25,1,3,1,3,3,4,0,0,0,0,0,0,0,0,0,0,0,0,0,0,0,1,0,1,18,4.0,4.0,4.0,0
52,25,1,3,1,3,3,5,0,0,0,0,0,0,0,0,0,0,0,0,0,0,0,1,0,1,25,4.0,4.0,4.0,0
52,25,1,3,1,3,3,4,0,0,0,0,0,0,0,0,0,0,0,0,0,0,0,0,1,1,25,4.0,4.0,4.0,1
52,25,1,1,0,3,3,6,0,0,0,0,0,0,0,0,0,0,0,1,0,0,0,0,0,2,23,3.0,3.0,3.0,1
52,25,1,1,0,3,3,6,0,0,0,1,0,0,0,0,0,0,0,0,0,0,0,0,0,2,23,3.0,3.0,3.0,0
52,25,1,1,0,3,3,7,0,0,0,0,0,0,0,0,0,1,0,0,0,0,0,0,0,2,25,3.0,3.0,3.0,1
52,25,1,1,0,3,3,7,0,0,0,0,0,0,0,0,0,0,0,0,0,1,0,0,0,2,25,3.0,3.0,3.0,0
52,25,1,3,1,3,3,2,0,0,0,0,0,0,0,0,0,0,0,0,0,0,1,0,0,2,25,2.0,2.0,2.0,1
52,25,1,3,1,3,3,2,0,0,0,0,1,0,0,0,0,0,0,0,0,0,0,0,0,2,25,2.0,2.0,2.0,0
53,25,1,1,0,3,2,5,0,0,0,0,0,0,0,0,0,0,0,1,0,0,0,0,0,1,25,3.0,3.0,3.0,1
53,25,1,1,0,3,2,4,0,0,0,1,0,0,0,0,0,0,0,0,0,0,0,0,0,1,20,3.0,3.0,3.0,1
53,25,1,2,1,3,3,5,0,0,0,0,0,0,0,0,0,0,0,1,0,0,0,0,0,1,25,3.0,3.0,3.0,1
53,25,1,2,1,3,3,3,0,0,0,1,0,0,0,0,0,0,0,0,0,0,0,0,0,1,20,3.0,3.0,3.0,1
53,25,1,2,1,3,3,2,0,0,0,0,0,0,0,0,0,0,0,0,0,0,1,0,0,2,25,3.0,3.0,3.0,0
53,25,1,2,1,3,3,2,0,0,0,0,0,0,0,0,0,0,0,0,0,0,0,1,0,2,25,3.0,3.0,3.0,1
53,25,1,2,1,3,3,8,0,0,0,0,0,0,0,0,0,0,0,1,0,0,0,0,0,2,25,4.0,4.0,4.0,1
53,25,1,2,1,3,3,8,0,0,0,0,0,0,0,0,0,0,0,0,0,0,0,1,0,2,25,4.0,4.0,4.0,0
53,25,1,3,1,3,3,4,0,0,0,0,0,0,0,0,0,0,0,0,0,0,1,0,0,2,25,4.0,4.0,4.0,1
53,25,1,3,1,3,3,4,0,0,0,0,0,0,0,0,0,0,0,0,0,0,0,1,0,2,25,4.0,4.0,4.0,0
53,25,1,2,1,3,4,2,0,0,0,0,0,0,0,0,0,0,0,1,0,0,0,0,0,2,25,3.0,3.0,3.0,1
53,25,1,2,1,3,4,2,0,0,0,0,0,0,0,0,0,0,0,0,0,0,0,1,0,2,25,3.0,3.0,3.0,0
54,25,1,2,0,3,3,2,0,0,0,0,0,0,0,0,0,0,0,0,1,0,0,0,0,1,20,2.0,2.0,2.0,0
54,25,1,2,0,3,3,2,0,0,0,0,0,0,0,0,0,0,0,0,0,1,0,0,0,1,24,3.0,3.0,3.0,1
54,25,1,2,1,3,3,3,0,0,0,0,0,0,0,0,0,0,0,0,1,0,0,0,0,1,20,1.0,1.0,1.0,0
54,25,1,2,1,3,3,5,0,0,0,0,1,0,0,0,0,0,0,0,0,0,0,0,0,1,25,3.0,3.0,3.0,1
54,25,1,3,1,3,4,3,0,0,0,0,0,0,0,0,0,0,0,0,0,1,0,0,0,2,25,4.0,4.0,4.0,1
54,25,1,3,1,3,4,3,0,0,0,0,0,0,0,0,0,0,0,0,0,0,0,1,0,2,25,4.0,4.0,4.0,0
54,25,1,3,1,3,4,7,0,0,0,0,0,0,0,0,0,0,0,1,0,0,0,0,0,2,25,3.0,3.0,3.0,1
54,25,1,3,1,3,4,7,0,0,0,0,0,0,0,0,0,0,0,0,0,0,0,1,0,2,25,3.0,3.0,3.0,0
54,25,1,3,1,3,4,3,0,0,0,0,0,0,0,0,0,0,0,0,1,0,0,0,0,2,25,1.0,1.0,1.0,0
54,25,1,3,1,3,4,3,0,0,0,0,0,0,0,0,0,0,0,0,0,0,0,1,0,2,25,1.0,1.0,1.0,1
55,25,1,1,0,3,3,4,0,0,0,0,0,0,0,0,0,0,0,1,0,0,0,0,0,1,23,4.0,4.0,4.0,1
55,25,1,1,0,3,3,2,0,0,0,0,0,0,0,0,0,0,0,0,0,1,0,0,0,1,18,2.0,2.0,2.0,0
55,25,1,1,0,3,3,3,0,0,0,1,0,0,0,0,0,0,0,0,0,0,0,0,0,1,22,3.0,3.0,3.0,1
55,25,1,3,1,3,3,5,0,0,0,0,0,0,0,0,0,0,0,0,0,1,0,0,0,1,24,2.0,2.0,2.0,0
55,25,1,3,1,3,3,4,0,0,0,0,0,0,0,0,0,0,0,0,0,0,0,1,0,1,23,4.0,4.0,4.0,1
55,25,1,2,1,3,4,7,0,0,0,0,0,0,0,0,0,0,0,1,0,0,0,0,0,3,20,3.0,3.0,3.0,0
55,25,1,2,1,3,4,7,0,0,0,0,0,0,0,0,0,0,0,0,0,0,0,1,0,3,20,3.0,3.0,3.0,0
55,25,1,3,1,3,3,2,0,0,0,0,0,0,0,0,0,0,0,0,0,1,0,0,0,1,24,2.0,2.0,2.0,0
55,25,1,3,1,3,3,4,0,0,0,0,0,0,0,0,0,0,0,0,0,0,0,1,0,1,24,4.0,4.0,4.0,0
55,25,1,3,1,3,4,5,0,0,0,0,0,0,0,0,0,0,0,0,1,0,0,0,0,2,23,3.0,3.0,3.0,0
55,25,1,3,1,3,4,5,0,0,0,0,0,0,0,0,0,0,0,0,0,0,0,1,0,2,23,3.0,3.0,3.0,1
55,25,1,2,1,3,4,7,0,0,0,0,0,0,0,0,0,0,0,1,0,0,0,0,0,2,25,4.0,4.0,4.0,1
55,25,1,2,1,3,4,7,0,0,0,0,0,0,0,0,0,0,0,0,0,0,0,1,0,2,25,4.0,4.0,4.0,0
55,25,1,3,1,3,4,3,0,0,0,0,0,0,0,0,0,0,0,1,0,0,0,0,0,2,25,3.0,3.0,3.0,1
55,25,1,3,1,3,4,3,0,0,0,0,0,0,0,0,0,0,0,0,0,0,0,0,1,2,25,3.0,3.0,3.0,1
55,25,1,2,1,3,4,3,0,0,0,0,0,0,0,0,0,0,0,1,0,0,0,0,0,2,25,3.0,3.0,3.0,1
55,25,1,2,1,3,4,3,0,0,0,0,0,0,0,0,0,0,0,0,0,0,0,1,0,2,25,3.0,3.0,3.0,0
60,35,1,2,0,1,2,0,0,0,0,0,0,0,0,0,0,1,0,0,0,0,0,0,0,3,36,4.0,5.0,4.5,0
60,35,1,2,0,1,2,0,0,0,0,0,0,0,0,0,0,0,1,0,0,0,0,0,0,3,36,4.0,5.0,4.5,1
60,35,1,2,0,1,2,0,0,0,0,0,0,0,0,0,0,0,0,1,0,0,0,0,0,3,36,4.0,5.0,4.5,0
19,2,2,1,0,1,1,1,0,0,0,0,0,0,0,0,0,0,0,0,0,0,1,0,0,1,1,2.0,2.0,2.0,1
20,2,2,1,0,1,1,1,0,0,0,0,0,0,0,0,0,0,0,1,0,0,0,0,0,1,1,1.0,1.0,1.0,0
22,8,2,2,0,1,1,5,0,0,0,0,0,0,0,0,0,0,0,1,0,0,0,0,0,1,7,1.0,1.0,1.0,0
24,5,2,2,0,1,1,3,0,0,0,0,0,0,0,0,0,1,0,0,0,0,0,0,0,2,4,1.0,1.0,1.0,1
24,5,2,2,0,1,1,3,0,0,0,0,0,0,0,0,0,0,0,1,0,0,0,0,0,2,4,1.0,1.0,1.0,1
24,7,2,1,0,1,1,2,0,0,0,0,0,0,0,0,0,0,0,1,0,0,0,0,0,2,7,4.0,4.0,4.0,1
24,7,2,1,0,1,1,2,0,0,0,0,0,0,0,0,0,0,0,0,0,0,0,1,0,2,7,4.0,4.0,4.0,1
25,5,2,2,0,1,1,3,0,0,0,0,0,0,0,0,0,0,0,1,0,0,0,0,0,3,3,5.0,5.0,5.0,0
25,5,2,2,0,1,1,3,0,0,0,0,0,0,0,0,0,0,0,0,0,0,1,0,0,3,3,5.0,5.0,5.0,0
25,5,2,2,0,1,1,3,0,0,0,0,0,0,0,0,0,0,0,0,0,0,0,1,0,3,3,5.0,5.0,5.0,0
27,5,2,2,0,1,1,2,0,0,0,0,0,0,0,0,0,0,0,1,0,0,0,0,0,1,5,1.0,1.0,1.0,0
28,5,2,3,0,1,1,2,0,0,0,0,0,0,0,0,0,1,0,0,0,0,0,0,0,2,5,1.0,1.0,1.0,0
28,5,2,3,0,1,1,2,0,0,0,0,0,0,0,0,0,0,0,1,0,0,0,0,0,2,5,1.0,1.0,1.0,0
28,12,2,1,0,1,1,5,0,0,0,0,0,0,0,0,0,0,0,1,0,0,0,0,0,2,10,2.0,2.0,2.0,0
28,12,2,1,0,1,1,5,0,0,0,0,0,0,0,0,0,0,0,0,0,0,1,0,0,2,10,2.0,2.0,2.0,0
28,14,2,1,0,1,3,5,1,0,0,0,0,0,0,0,0,0,0,0,0,0,0,0,0,1,15,1.0,1.0,1.0,0
28,14,2,1,0,1,3,5,0,0,0,0,0,0,0,0,0,0,0,1,0,0,0,0,0,1,15,1.0,1.0,1.0,1
28,14,2,1,0,1,3,10,0,0,0,0,0,0,0,0,0,1,0,0,0,0,0,0,0,1,15,1.0,1.0,1.0,1
29,6,2,1,0,1,1,1,0,0,0,0,0,0,0,0,0,0,0,1,0,0,0,0,0,2,4,4.0,4.0,4.0,0
29,6,2,1,0,1,1,1,0,0,0,0,0,0,0,0,0,0,0,0,0,0,1,0,0,2,4,4.0,4.0,4.0,0
32,7,2,2,0,1,3,2,1,0,0,0,0,0,0,0,0,0,0,0,0,0,0,0,0,3,7,2.0,3.0,2.5,0
32,7,2,2,0,1,3,2,0,0,0,0,0,0,0,0,0,1,0,0,0,0,0,0,0,3,7,2.0,3.0,2.5,0
32,7,2,2,0,1,3,2,0,0,0,0,0,0,0,0,0,0,0,1,0,0,0,0,0,3,7,2.0,3.0,2.5,0
37,10,2,1,0,1,1,3,0,0,0,0,0,0,0,0,0,0,0,0,0,0,1,0,0,1,7,3.0,3.0,3.0,0
37,20,2,1,0,1,2,6,0,0,0,0,0,0,0,0,0,0,0,1,0,0,0,0,0,1,18,4.0,4.0,4.0,0
38,20,2,2,0,1,2,5,0,0,0,0,0,0,0,0,0,0,0,1,0,0,0,0,0,1,15,1.0,1.0,1.0,0
38,20,2,2,0,1,2,5,0,0,0,0,0,0,0,0,0,0,0,0,0,0,1,0,0,1,15,1.0,1.0,1.0,0
38,20,2,2,0,1,2,4,0,0,0,0,0,0,0,0,0,1,0,0,0,0,0,0,0,1,15,1.0,1.0,1.0,0
38,24,2,2,0,1,2,5,0,0,0,0,0,0,0,0,0,0,0,1,0,0,0,0,0,1,14,3.0,3.0,3.0,0
38,24,2,2,0,1,2,5,0,0,0,0,0,0,0,0,0,0,0,0,0,0,0,1,0,1,14,3.0,3.0,3.0,0
40,5,2,1,0,1,1,2,0,0,0,0,0,0,0,0,0,0,0,0,0,0,0,1,0,1,2,4.0,4.0,4.0,1
40,15,2,2,0,1,2,1,0,0,0,0,0,0,0,0,0,0,0,1,0,0,0,0,0,1,10,1.0,1.0,1.0,0
40,20,2,1,0,1,1,5,0,0,0,0,0,0,0,0,0,0,0,1,0,0,0,0,0,1,15,1.0,1.0,1.0,0
40,21,2,2,0,1,1,5,0,0,0,0,0,0,0,0,0,0,0,0,1,0,0,0,0,1,10,2.0,2.0,2.0,0
40,21,2,2,0,1,1,5,0,0,0,0,0,0,0,0,0,0,0,1,0,0,0,0,0,1,15,4.0,4.0,4.0,0
41,21,2,1,0,1,2,10,0,0,0,0,0,0,0,0,0,0,0,0,0,0,0,1,0,2,18,2.0,2.0,2.0,1
41,21,2,1,0,1,2,10,0,0,0,0,0,0,0,0,0,0,0,0,0,0,0,0,1,2,18,2.0,2.0,2.0,1
43,10,2,1,0,1,1,4,0,0,0,0,0,0,0,0,0,0,0,1,0,0,0,0,0,1,6,5.0,5.0,5.0,0
43,10,2,1,0,1,1,4,0,0,0,0,0,0,0,0,0,0,0,0,0,0,1,0,0,1,6,5.0,5.0,5.0,0
43,10,2,1,0,1,1,4,0,0,0,0,0,0,0,0,0,0,0,0,0,0,0,1,0,1,6,5.0,5.0,5.0,0
45,10,2,1,0,1,1,3,0,0,0,0,0,0,0,0,0,0,0,1,0,0,0,0,0,1,6,3.0,3.0,3.0,0
45,10,2,1,0,1,1,3,0,0,0,0,0,0,0,0,0,0,0,0,0,0,1,0,0,1,6,3.0,3.0,3.0,0
45,10,2,1,0,1,1,3,0,0,0,0,0,0,0,0,0,0,0,0,0,0,0,0,1,1,6,3.0,3.0,3.0,0
45,15,2,2,0,1,2,3,0,0,0,0,0,0,0,0,0,1,0,0,0,0,0,0,0,1,15,3.0,3.0,3.0,0
46,15,2,2,0,1,2,4,0,0,0,0,0,0,0,0,0,0,0,1,0,0,0,0,0,2,10,2.0,2.0,2.0,1
46,15,2,2,0,1,2,4,0,0,0,0,0,0,0,0,0,0,0,0,0,0,1,0,0,2,10,2.0,2.0,2.0,1
46,20,2,1,0,1,2,3,0,0,0,0,0,0,0,0,0,0,0,1,0,0,0,0,0,1,20,4.0,4.0,4.0,0
46,20,2,1,0,1,2,2,0,0,0,0,0,0,0,0,0,0,0,0,0,0,1,0,0,1,20,4.0,4.0,4.0,0
46,20,2,1,0,1,2,2,0,0,0,0,0,0,0,0,0,1,0,0,0,0,0,0,0,1,20,2.0,2.0,2.0,0
46,20,2,2,0,1,2,5,0,0,0,0,0,0,0,0,0,0,0,1,0,0,0,0,0,1,15,5.0,5.0,5.0,0
46,20,2,2,0,1,2,5,0,0,0,0,0,0,0,0,0,0,0,0,0,0,1,0,0,1,15,5.0,5.0,5.0,0
48,10,2,1,0,1,1,3,0,0,0,0,0,0,0,0,0,0,0,1,0,0,0,0,0,1,8,4.0,4.0,4.0,0
48,10,2,1,0,1,1,3,0,0,0,0,0,0,0,0,0,0,0,0,0,0,1,0,0,1,8,4.0,4.0,4.0,0
48,20,2,3,0,1,1,5,0,0,0,0,0,0,0,0,0,0,0,1,0,0,0,0,0,1,20,4.0,4.0,4.0,0
48,20,2,3,0,1,1,5,0,0,0,0,0,0,0,0,0,0,0,0,0,0,1,0,0,1,20,4.0,4.0,4.0,0
48,20,2,3,0,1,1,5,0,0,0,0,0,0,0,0,0,0,0,0,0,0,0,0,1,1,20,4.0,4.0,4.0,0
48,20,2,1,0,1,1,5,0,0,0,0,0,0,0,0,0,0,0,1,0,0,0,0,0,1,15,1.0,1.0,1.0,0
48,20,2,1,0,1,1,5,0,0,0,0,0,0,0,0,0,0,0,0,0,0,0,1,0,1,15,1.0,1.0,1.0,0
50,10,2,1,0,1,1,2,0,0,0,0,0,0,0,0,0,0,0,0,0,0,0,1,0,1,10,2.0,2.0,2.0,1
52,3,2,1,0,1,2,4,0,0,0,0,0,0,0,0,0,1,0,0,0,0,0,0,0,1,2,4.0,4.0,4.0,0
60,25,2,1,0,1,1,4,0,0,0,0,0,0,0,0,0,0,0,1,0,0,0,0,0,1,10,1.0,1.0,1.0,0
45,15,2,1,0,1,1,3,0,0,0,0,0,0,0,0,0,0,0,0,0,0,1,0,0,1,10,4.0,4.0,4.0,0
